Workbook

Sheet Porra_Grupos
B2: ⚽ PORRA MUNDIAL 2026 - FASE DE GRUPOS | J2: PARTICIPANTE: | K2: Tu Nombre Aqui
B3: Rellena los goles (celdas crema). Los partidos no jugados NO suman puntos ni goles automáticamente.
B5: 🏆 PREMIOS ESPECIALES DEL MUNDIAL | Q5: 📊 TOP 3º PUESTOS (MEJORES TERCEROS)
B6: Balon de Oro (Mejor Jugador) | D6: Escribe Jugador | Q6: Pos | R6: Equipo | S6: Pts | T6: GF | U6: DG
B7: Balon de Plata | D7: Escribe Jugador | Q7: 1 | R7: =Calculos_Internos!H160 | S7: =SUMIFS(Calculos_Internos!$C$160:$C$171, Calculos_Internos!$B$160:$B$171, R7) | T7: =SUMIFS(Calculos_Internos!$D$160:$D$171, Calculos_Internos!$B$160:$B$171, R7) | U7: =SUMIFS(Calculos_Internos!$E$160:$E$171, Calculos_Internos!$B$160:$B$171, R7)
B8: Balon de Bronce | D8: Escribe Jugador | Q8: 2 | R8: =Calculos_Internos!H161 | S8: =SUMIFS(Calculos_Internos!$C$160:$C$171, Calculos_Internos!$B$160:$B$171, R8) | T8: =SUMIFS(Calculos_Internos!$D$160:$D$171, Calculos_Internos!$B$160:$B$171, R8) | U8: =SUMIFS(Calculos_Internos!$E$160:$E$171, Calculos_Internos!$B$160:$B$171, R8)
B9: Maximo Goleador (Bota de Oro) | D9: Escribe Jugador | Q9: 3 | R9: =Calculos_Internos!H162 | S9: =SUMIFS(Calculos_Internos!$C$160:$C$171, Calculos_Internos!$B$160:$B$171, R9) | T9: =SUMIFS(Calculos_Internos!$D$160:$D$171, Calculos_Internos!$B$160:$B$171, R9) | U9: =SUMIFS(Calculos_Internos!$E$160:$E$171, Calculos_Internos!$B$160:$B$171, R9)
B10: Maximo Goleador (Plata) | D10: Escribe Jugador | Q10: 4 | R10: =Calculos_Internos!H163 | S10: =SUMIFS(Calculos_Internos!$C$160:$C$171, Calculos_Internos!$B$160:$B$171, R10) | T10: =SUMIFS(Calculos_Internos!$D$160:$D$171, Calculos_Internos!$B$160:$B$171, R10) | U10: =SUMIFS(Calculos_Internos!$E$160:$E$171, Calculos_Internos!$B$160:$B$171, R10)
B11: Maximo Goleador (Bronce) | D11: Escribe Jugador | Q11: 5 | R11: =Calculos_Internos!H164 | S11: =SUMIFS(Calculos_Internos!$C$160:$C$171, Calculos_Internos!$B$160:$B$171, R11) | T11: =SUMIFS(Calculos_Internos!$D$160:$D$171, Calculos_Internos!$B$160:$B$171, R11) | U11: =SUMIFS(Calculos_Internos!$E$160:$E$171, Calculos_Internos!$B$160:$B$171, R11)
Q12: 6 | R12: =Calculos_Internos!H165 | S12: =SUMIFS(Calculos_Internos!$C$160:$C$171, Calculos_Internos!$B$160:$B$171, R12) | T12: =SUMIFS(Calculos_Internos!$D$160:$D$171, Calculos_Internos!$B$160:$B$171, R12) | U12: =SUMIFS(Calculos_Internos!$E$160:$E$171, Calculos_Internos!$B$160:$B$171, R12)
Q13: 7 | R13: =Calculos_Internos!H166 | S13: =SUMIFS(Calculos_Internos!$C$160:$C$171, Calculos_Internos!$B$160:$B$171, R13) | T13: =SUMIFS(Calculos_Internos!$D$160:$D$171, Calculos_Internos!$B$160:$B$171, R13) | U13: =SUMIFS(Calculos_Internos!$E$160:$E$171, Calculos_Internos!$B$160:$B$171, R13)
B14: 📅 PARTIDOS GRUPO A | I14: 📊 CLASIFICACION GRUPO A | Q14: 8 | R14: =Calculos_Internos!H167 | S14: =SUMIFS(Calculos_Internos!$C$160:$C$171, Calculos_Internos!$B$160:$B$171, R14) | T14: =SUMIFS(Calculos_Internos!$D$160:$D$171, Calculos_Internos!$B$160:$B$171, R14) | U14: =SUMIFS(Calculos_Internos!$E$160:$E$171, Calculos_Internos!$B$160:$B$171, R14)
B15: M001 | C15: Mexico | E15: - | G15: Sudafrica | I15: Pos | J15: Equipo | K15: Pts | L15: GF | M15: GC | N15: DG | Q15: 9 | R15: =Calculos_Internos!H168 | S15: =SUMIFS(Calculos_Internos!$C$160:$C$171, Calculos_Internos!$B$160:$B$171, R15) | T15: =SUMIFS(Calculos_Internos!$D$160:$D$171, Calculos_Internos!$B$160:$B$171, R15) | U15: =SUMIFS(Calculos_Internos!$E$160:$E$171, Calculos_Internos!$B$160:$B$171, R15)
B16: M002 | C16: Corea del Sur | E16: - | G16: Rep. Checa | I16: 1 | J16: =Calculos_Internos!H81 | K16: =SUMIFS(Calculos_Internos!$B$81:$B$84, Calculos_Internos!$A$81:$A$84, J16) | L16: =SUMIFS(Calculos_Internos!$C$81:$C$84, Calculos_Internos!$A$81:$A$84, J16) | M16: =SUMIFS(Calculos_Internos!$D$81:$D$84, Calculos_Internos!$A$81:$A$84, J16) | N16: =SUMIFS(Calculos_Internos!$E$81:$E$84, Calculos_Internos!$A$81:$A$84, J16) | Q16: 10 | R16: =Calculos_Internos!H169 | S16: =SUMIFS(Calculos_Internos!$C$160:$C$171, Calculos_Internos!$B$160:$B$171, R16) | T16: =SUMIFS(Calculos_Internos!$D$160:$D$171, Calculos_Internos!$B$160:$B$171, R16) | U16: =SUMIFS(Calculos_Internos!$E$160:$E$171, Calculos_Internos!$B$160:$B$171, R16)
B17: M003 | C17: Mexico | E17: - | G17: Corea del Sur | I17: 2 | J17: =Calculos_Internos!H82 | K17: =SUMIFS(Calculos_Internos!$B$81:$B$84, Calculos_Internos!$A$81:$A$84, J17) | L17: =SUMIFS(Calculos_Internos!$C$81:$C$84, Calculos_Internos!$A$81:$A$84, J17) | M17: =SUMIFS(Calculos_Internos!$D$81:$D$84, Calculos_Internos!$A$81:$A$84, J17) | N17: =SUMIFS(Calculos_Internos!$E$81:$E$84, Calculos_Internos!$A$81:$A$84, J17) | Q17: 11 | R17: =Calculos_Internos!H170 | S17: =SUMIFS(Calculos_Internos!$C$160:$C$171, Calculos_Internos!$B$160:$B$171, R17) | T17: =SUMIFS(Calculos_Internos!$D$160:$D$171, Calculos_Internos!$B$160:$B$171, R17) | U17: =SUMIFS(Calculos_Internos!$E$160:$E$171, Calculos_Internos!$B$160:$B$171, R17)
B18: M004 | C18: Sudafrica | E18: - | G18: Rep. Checa | I18: 3 | J18: =Calculos_Internos!H83 | K18: =SUMIFS(Calculos_Internos!$B$81:$B$84, Calculos_Internos!$A$81:$A$84, J18) | L18: =SUMIFS(Calculos_Internos!$C$81:$C$84, Calculos_Internos!$A$81:$A$84, J18) | M18: =SUMIFS(Calculos_Internos!$D$81:$D$84, Calculos_Internos!$A$81:$A$84, J18) | N18: =SUMIFS(Calculos_Internos!$E$81:$E$84, Calculos_Internos!$A$81:$A$84, J18) | Q18: 12 | R18: =Calculos_Internos!H171 | S18: =SUMIFS(Calculos_Internos!$C$160:$C$171, Calculos_Internos!$B$160:$B$171, R18) | T18: =SUMIFS(Calculos_Internos!$D$160:$D$171, Calculos_Internos!$B$160:$B$171, R18) | U18: =SUMIFS(Calculos_Internos!$E$160:$E$171, Calculos_Internos!$B$160:$B$171, R18)
B19: M005 | C19: Rep. Checa | E19: - | G19: Mexico | I19: 4 | J19: =Calculos_Internos!H84 | K19: =SUMIFS(Calculos_Internos!$B$81:$B$84, Calculos_Internos!$A$81:$A$84, J19) | L19: =SUMIFS(Calculos_Internos!$C$81:$C$84, Calculos_Internos!$A$81:$A$84, J19) | M19: =SUMIFS(Calculos_Internos!$D$81:$D$84, Calculos_Internos!$A$81:$A$84, J19) | N19: =SUMIFS(Calculos_Internos!$E$81:$E$84, Calculos_Internos!$A$81:$A$84, J19)
B20: M006 | C20: Sudafrica | E20: - | G20: Corea del Sur
Q21: 🔥 ESTADÍSTICAS MÁXIMAS (SELECCIONES)
Q22: Categoría | S22: Selección | U22: Goles
B23: 📅 PARTIDOS GRUPO B | I23: 📊 CLASIFICACION GRUPO B | Q23: Más Goleadora (GF) | S23: =INDEX(Calculos_Internos!$A$81:$A$151, MATCH(MAX(Calculos_Internos!$L$81:$L$151), Calculos_Internos!$L$81:$L$151, 0)) | U23: =MAX(Calculos_Internos!$L$81:$L$151)
B24: M007 | C24: Canada | E24: - | G24: Bosnia y Herzegovina | I24: Pos | J24: Equipo | K24: Pts | L24: GF | M24: GC | N24: DG | Q24: Más Goleada (GC) | S24: =INDEX(Calculos_Internos!$A$81:$A$151, MATCH(MAX(Calculos_Internos!$M$81:$M$151), Calculos_Internos!$M$81:$M$151, 0)) | U24: =MAX(Calculos_Internos!$M$81:$M$151)
B25: M008 | C25: Catar | E25: - | G25: Suiza | I25: 1 | J25: =Calculos_Internos!H87 | K25: =SUMIFS(Calculos_Internos!$B$87:$B$90, Calculos_Internos!$A$87:$A$90, J25) | L25: =SUMIFS(Calculos_Internos!$C$87:$C$90, Calculos_Internos!$A$87:$A$90, J25) | M25: =SUMIFS(Calculos_Internos!$D$87:$D$90, Calculos_Internos!$A$87:$A$90, J25) | N25: =SUMIFS(Calculos_Internos!$E$87:$E$90, Calculos_Internos!$A$87:$A$90, J25)
B26: M009 | C26: Canada | E26: - | G26: Catar | I26: 2 | J26: =Calculos_Internos!H88 | K26: =SUMIFS(Calculos_Internos!$B$87:$B$90, Calculos_Internos!$A$87:$A$90, J26) | L26: =SUMIFS(Calculos_Internos!$C$87:$C$90, Calculos_Internos!$A$87:$A$90, J26) | M26: =SUMIFS(Calculos_Internos!$D$87:$D$90, Calculos_Internos!$A$87:$A$90, J26) | N26: =SUMIFS(Calculos_Internos!$E$87:$E$90, Calculos_Internos!$A$87:$A$90, J26)
B27: M010 | C27: Bosnia y Herzegovina | E27: - | G27: Suiza | I27: 3 | J27: =Calculos_Internos!H89 | K27: =SUMIFS(Calculos_Internos!$B$87:$B$90, Calculos_Internos!$A$87:$A$90, J27) | L27: =SUMIFS(Calculos_Internos!$C$87:$C$90, Calculos_Internos!$A$87:$A$90, J27) | M27: =SUMIFS(Calculos_Internos!$D$87:$D$90, Calculos_Internos!$A$87:$A$90, J27) | N27: =SUMIFS(Calculos_Internos!$E$87:$E$90, Calculos_Internos!$A$87:$A$90, J27)
B28: M011 | C28: Suiza | E28: - | G28: Canada | I28: 4 | J28: =Calculos_Internos!H90 | K28: =SUMIFS(Calculos_Internos!$B$87:$B$90, Calculos_Internos!$A$87:$A$90, J28) | L28: =SUMIFS(Calculos_Internos!$C$87:$C$90, Calculos_Internos!$A$87:$A$90, J28) | M28: =SUMIFS(Calculos_Internos!$D$87:$D$90, Calculos_Internos!$A$87:$A$90, J28) | N28: =SUMIFS(Calculos_Internos!$E$87:$E$90, Calculos_Internos!$A$87:$A$90, J28)
B29: M012 | C29: Bosnia y Herzegovina | E29: - | G29: Catar
B32: 📅 PARTIDOS GRUPO C | I32: 📊 CLASIFICACION GRUPO C
B33: M013 | C33: Brasil | E33: - | G33: Marruecos | I33: Pos | J33: Equipo | K33: Pts | L33: GF | M33: GC | N33: DG
B34: M014 | C34: Haiti | E34: - | G34: Escocia | I34: 1 | J34: =Calculos_Internos!H93 | K34: =SUMIFS(Calculos_Internos!$B$93:$B$96, Calculos_Internos!$A$93:$A$96, J34) | L34: =SUMIFS(Calculos_Internos!$C$93:$C$96, Calculos_Internos!$A$93:$A$96, J34) | M34: =SUMIFS(Calculos_Internos!$D$93:$D$96, Calculos_Internos!$A$93:$A$96, J34) | N34: =SUMIFS(Calculos_Internos!$E$93:$E$96, Calculos_Internos!$A$93:$A$96, J34)
B35: M015 | C35: Brasil | E35: - | G35: Haiti | I35: 2 | J35: =Calculos_Internos!H94 | K35: =SUMIFS(Calculos_Internos!$B$93:$B$96, Calculos_Internos!$A$93:$A$96, J35) | L35: =SUMIFS(Calculos_Internos!$C$93:$C$96, Calculos_Internos!$A$93:$A$96, J35) | M35: =SUMIFS(Calculos_Internos!$D$93:$D$96, Calculos_Internos!$A$93:$A$96, J35) | N35: =SUMIFS(Calculos_Internos!$E$93:$E$96, Calculos_Internos!$A$93:$A$96, J35)
B36: M016 | C36: Marruecos | E36: - | G36: Escocia | I36: 3 | J36: =Calculos_Internos!H95 | K36: =SUMIFS(Calculos_Internos!$B$93:$B$96, Calculos_Internos!$A$93:$A$96, J36) | L36: =SUMIFS(Calculos_Internos!$C$93:$C$96, Calculos_Internos!$A$93:$A$96, J36) | M36: =SUMIFS(Calculos_Internos!$D$93:$D$96, Calculos_Internos!$A$93:$A$96, J36) | N36: =SUMIFS(Calculos_Internos!$E$93:$E$96, Calculos_Internos!$A$93:$A$96, J36)
B37: M017 | C37: Escocia | E37: - | G37: Brasil | I37: 4 | J37: =Calculos_Internos!H96 | K37: =SUMIFS(Calculos_Internos!$B$93:$B$96, Calculos_Internos!$A$93:$A$96, J37) | L37: =SUMIFS(Calculos_Internos!$C$93:$C$96, Calculos_Internos!$A$93:$A$96, J37) | M37: =SUMIFS(Calculos_Internos!$D$93:$D$96, Calculos_Internos!$A$93:$A$96, J37) | N37: =SUMIFS(Calculos_Internos!$E$93:$E$96, Calculos_Internos!$A$93:$A$96, J37)
B38: M018 | C38: Marruecos | E38: - | G38: Haiti
B41: 📅 PARTIDOS GRUPO D | I41: 📊 CLASIFICACION GRUPO D
B42: M019 | C42: Estados Unidos | E42: - | G42: Paraguay | I42: Pos | J42: Equipo | K42: Pts | L42: GF | M42: GC | N42: DG
B43: M020 | C43: Australia | E43: - | G43: Turquia | I43: 1 | J43: =Calculos_Internos!H99 | K43: =SUMIFS(Calculos_Internos!$B$99:$B$102, Calculos_Internos!$A$99:$A$102, J43) | L43: =SUMIFS(Calculos_Internos!$C$99:$C$102, Calculos_Internos!$A$99:$A$102, J43) | M43: =SUMIFS(Calculos_Internos!$D$99:$D$102, Calculos_Internos!$A$99:$A$102, J43) | N43: =SUMIFS(Calculos_Internos!$E$99:$E$102, Calculos_Internos!$A$99:$A$102, J43)
B44: M021 | C44: Estados Unidos | E44: - | G44: Australia | I44: 2 | J44: =Calculos_Internos!H100 | K44: =SUMIFS(Calculos_Internos!$B$99:$B$102, Calculos_Internos!$A$99:$A$102, J44) | L44: =SUMIFS(Calculos_Internos!$C$99:$C$102, Calculos_Internos!$A$99:$A$102, J44) | M44: =SUMIFS(Calculos_Internos!$D$99:$D$102, Calculos_Internos!$A$99:$A$102, J44) | N44: =SUMIFS(Calculos_Internos!$E$99:$E$102, Calculos_Internos!$A$99:$A$102, J44)
B45: M022 | C45: Paraguay | E45: - | G45: Turquia | I45: 3 | J45: =Calculos_Internos!H101 | K45: =SUMIFS(Calculos_Internos!$B$99:$B$102, Calculos_Internos!$A$99:$A$102, J45) | L45: =SUMIFS(Calculos_Internos!$C$99:$C$102, Calculos_Internos!$A$99:$A$102, J45) | M45: =SUMIFS(Calculos_Internos!$D$99:$D$102, Calculos_Internos!$A$99:$A$102, J45) | N45: =SUMIFS(Calculos_Internos!$E$99:$E$102, Calculos_Internos!$A$99:$A$102, J45)
B46: M023 | C46: Turquia | E46: - | G46: Estados Unidos | I46: 4 | J46: =Calculos_Internos!H102 | K46: =SUMIFS(Calculos_Internos!$B$99:$B$102, Calculos_Internos!$A$99:$A$102, J46) | L46: =SUMIFS(Calculos_Internos!$C$99:$C$102, Calculos_Internos!$A$99:$A$102, J46) | M46: =SUMIFS(Calculos_Internos!$D$99:$D$102, Calculos_Internos!$A$99:$A$102, J46) | N46: =SUMIFS(Calculos_Internos!$E$99:$E$102, Calculos_Internos!$A$99:$A$102, J46)
B47: M024 | C47: Paraguay | E47: - | G47: Australia
B50: 📅 PARTIDOS GRUPO E | I50: 📊 CLASIFICACION GRUPO E
B51: M025 | C51: Alemania | E51: - | G51: Curazao | I51: Pos | J51: Equipo | K51: Pts | L51: GF | M51: GC | N51: DG
B52: M026 | C52: Costa de Marfil | E52: - | G52: Ecuador | I52: 1 | J52: =Calculos_Internos!H105 | K52: =SUMIFS(Calculos_Internos!$B$105:$B$108, Calculos_Internos!$A$105:$A$108, J52) | L52: =SUMIFS(Calculos_Internos!$C$105:$C$108, Calculos_Internos!$A$105:$A$108, J52) | M52: =SUMIFS(Calculos_Internos!$D$105:$D$108, Calculos_Internos!$A$105:$A$108, J52) | N52: =SUMIFS(Calculos_Internos!$E$105:$E$108, Calculos_Internos!$A$105:$A$108, J52)
B53: M027 | C53: Alemania | E53: - | G53: Costa de Marfil | I53: 2 | J53: =Calculos_Internos!H106 | K53: =SUMIFS(Calculos_Internos!$B$105:$B$108, Calculos_Internos!$A$105:$A$108, J53) | L53: =SUMIFS(Calculos_Internos!$C$105:$C$108, Calculos_Internos!$A$105:$A$108, J53) | M53: =SUMIFS(Calculos_Internos!$D$105:$D$108, Calculos_Internos!$A$105:$A$108, J53) | N53: =SUMIFS(Calculos_Internos!$E$105:$E$108, Calculos_Internos!$A$105:$A$108, J53)
B54: M028 | C54: Curazao | E54: - | G54: Ecuador | I54: 3 | J54: =Calculos_Internos!H107 | K54: =SUMIFS(Calculos_Internos!$B$105:$B$108, Calculos_Internos!$A$105:$A$108, J54) | L54: =SUMIFS(Calculos_Internos!$C$105:$C$108, Calculos_Internos!$A$105:$A$108, J54) | M54: =SUMIFS(Calculos_Internos!$D$105:$D$108, Calculos_Internos!$A$105:$A$108, J54) | N54: =SUMIFS(Calculos_Internos!$E$105:$E$108, Calculos_Internos!$A$105:$A$108, J54)
B55: M029 | C55: Ecuador | E55: - | G55: Alemania | I55: 4 | J55: =Calculos_Internos!H108 | K55: =SUMIFS(Calculos_Internos!$B$105:$B$108, Calculos_Internos!$A$105:$A$108, J55) | L55: =SUMIFS(Calculos_Internos!$C$105:$C$108, Calculos_Internos!$A$105:$A$108, J55) | M55: =SUMIFS(Calculos_Internos!$D$105:$D$108, Calculos_Internos!$A$105:$A$108, J55) | N55: =SUMIFS(Calculos_Internos!$E$105:$E$108, Calculos_Internos!$A$105:$A$108, J55)
B56: M030 | C56: Curazao | E56: - | G56: Costa de Marfil
B59: 📅 PARTIDOS GRUPO F | I59: 📊 CLASIFICACION GRUPO F
B60: M031 | C60: Paises Bajos | E60: - | G60: Japon | I60: Pos | J60: Equipo | K60: Pts | L60: GF | M60: GC | N60: DG
B61: M032 | C61: Suecia | E61: - | G61: Tunez | I61: 1 | J61: =Calculos_Internos!H111 | K61: =SUMIFS(Calculos_Internos!$B$111:$B$114, Calculos_Internos!$A$111:$A$114, J61) | L61: =SUMIFS(Calculos_Internos!$C$111:$C$114, Calculos_Internos!$A$111:$A$114, J61) | M61: =SUMIFS(Calculos_Internos!$D$111:$D$114, Calculos_Internos!$A$111:$A$114, J61) | N61: =SUMIFS(Calculos_Internos!$E$111:$E$114, Calculos_Internos!$A$111:$A$114, J61)
B62: M033 | C62: Paises Bajos | E62: - | G62: Suecia | I62: 2 | J62: =Calculos_Internos!H112 | K62: =SUMIFS(Calculos_Internos!$B$111:$B$114, Calculos_Internos!$A$111:$A$114, J62) | L62: =SUMIFS(Calculos_Internos!$C$111:$C$114, Calculos_Internos!$A$111:$A$114, J62) | M62: =SUMIFS(Calculos_Internos!$D$111:$D$114, Calculos_Internos!$A$111:$A$114, J62) | N62: =SUMIFS(Calculos_Internos!$E$111:$E$114, Calculos_Internos!$A$111:$A$114, J62)
B63: M034 | C63: Japon | E63: - | G63: Tunez | I63: 3 | J63: =Calculos_Internos!H113 | K63: =SUMIFS(Calculos_Internos!$B$111:$B$114, Calculos_Internos!$A$111:$A$114, J63) | L63: =SUMIFS(Calculos_Internos!$C$111:$C$114, Calculos_Internos!$A$111:$A$114, J63) | M63: =SUMIFS(Calculos_Internos!$D$111:$D$114, Calculos_Internos!$A$111:$A$114, J63) | N63: =SUMIFS(Calculos_Internos!$E$111:$E$114, Calculos_Internos!$A$111:$A$114, J63)
B64: M035 | C64: Tunez | E64: - | G64: Paises Bajos | I64: 4 | J64: =Calculos_Internos!H114 | K64: =SUMIFS(Calculos_Internos!$B$111:$B$114, Calculos_Internos!$A$111:$A$114, J64) | L64: =SUMIFS(Calculos_Internos!$C$111:$C$114, Calculos_Internos!$A$111:$A$114, J64) | M64: =SUMIFS(Calculos_Internos!$D$111:$D$114, Calculos_Internos!$A$111:$A$114, J64) | N64: =SUMIFS(Calculos_Internos!$E$111:$E$114, Calculos_Internos!$A$111:$A$114, J64)
B65: M036 | C65: Japon | E65: - | G65: Suecia
B68: 📅 PARTIDOS GRUPO G | I68: 📊 CLASIFICACION GRUPO G
B69: M037 | C69: Belgica | E69: - | G69: Egipto | I69: Pos | J69: Equipo | K69: Pts | L69: GF | M69: GC | N69: DG
B70: M038 | C70: Iran | E70: - | G70: Nueva Zelanda | I70: 1 | J70: =Calculos_Internos!H117 | K70: =SUMIFS(Calculos_Internos!$B$117:$B$120, Calculos_Internos!$A$117:$A$120, J70) | L70: =SUMIFS(Calculos_Internos!$C$117:$C$120, Calculos_Internos!$A$117:$A$120, J70) | M70: =SUMIFS(Calculos_Internos!$D$117:$D$120, Calculos_Internos!$A$117:$A$120, J70) | N70: =SUMIFS(Calculos_Internos!$E$117:$E$120, Calculos_Internos!$A$117:$A$120, J70)
B71: M039 | C71: Belgica | E71: - | G71: Iran | I71: 2 | J71: =Calculos_Internos!H118 | K71: =SUMIFS(Calculos_Internos!$B$117:$B$120, Calculos_Internos!$A$117:$A$120, J71) | L71: =SUMIFS(Calculos_Internos!$C$117:$C$120, Calculos_Internos!$A$117:$A$120, J71) | M71: =SUMIFS(Calculos_Internos!$D$117:$D$120, Calculos_Internos!$A$117:$A$120, J71) | N71: =SUMIFS(Calculos_Internos!$E$117:$E$120, Calculos_Internos!$A$117:$A$120, J71)
B72: M040 | C72: Egipto | E72: - | G72: Nueva Zelanda | I72: 3 | J72: =Calculos_Internos!H119 | K72: =SUMIFS(Calculos_Internos!$B$117:$B$120, Calculos_Internos!$A$117:$A$120, J72) | L72: =SUMIFS(Calculos_Internos!$C$117:$C$120, Calculos_Internos!$A$117:$A$120, J72) | M72: =SUMIFS(Calculos_Internos!$D$117:$D$120, Calculos_Internos!$A$117:$A$120, J72) | N72: =SUMIFS(Calculos_Internos!$E$117:$E$120, Calculos_Internos!$A$117:$A$120, J72)
B73: M041 | C73: Nueva Zelanda | E73: - | G73: Belgica | I73: 4 | J73: =Calculos_Internos!H120 | K73: =SUMIFS(Calculos_Internos!$B$117:$B$120, Calculos_Internos!$A$117:$A$120, J73) | L73: =SUMIFS(Calculos_Internos!$C$117:$C$120, Calculos_Internos!$A$117:$A$120, J73) | M73: =SUMIFS(Calculos_Internos!$D$117:$D$120, Calculos_Internos!$A$117:$A$120, J73) | N73: =SUMIFS(Calculos_Internos!$E$117:$E$120, Calculos_Internos!$A$117:$A$120, J73)
B74: M042 | C74: Egipto | E74: - | G74: Iran
B77: 📅 PARTIDOS GRUPO H | I77: 📊 CLASIFICACION GRUPO H
B78: M043 | C78: Espana | E78: - | G78: Cabo Verde | I78: Pos | J78: Equipo | K78: Pts | L78: GF | M78: GC | N78: DG
B79: M044 | C79: Arabia Saudi | E79: - | G79: Uruguay | I79: 1 | J79: =Calculos_Internos!H123 | K79: =SUMIFS(Calculos_Internos!$B$123:$B$126, Calculos_Internos!$A$123:$A$126, J79) | L79: =SUMIFS(Calculos_Internos!$C$123:$C$126, Calculos_Internos!$A$123:$A$126, J79) | M79: =SUMIFS(Calculos_Internos!$D$123:$D$126, Calculos_Internos!$A$123:$A$126, J79) | N79: =SUMIFS(Calculos_Internos!$E$123:$E$126, Calculos_Internos!$A$123:$A$126, J79)
B80: M045 | C80: Espana | E80: - | G80: Arabia Saudi | I80: 2 | J80: =Calculos_Internos!H124 | K80: =SUMIFS(Calculos_Internos!$B$123:$B$126, Calculos_Internos!$A$123:$A$126, J80) | L80: =SUMIFS(Calculos_Internos!$C$123:$C$126, Calculos_Internos!$A$123:$A$126, J80) | M80: =SUMIFS(Calculos_Internos!$D$123:$D$126, Calculos_Internos!$A$123:$A$126, J80) | N80: =SUMIFS(Calculos_Internos!$E$123:$E$126, Calculos_Internos!$A$123:$A$126, J80)
B81: M046 | C81: Cabo Verde | E81: - | G81: Uruguay | I81: 3 | J81: =Calculos_Internos!H125 | K81: =SUMIFS(Calculos_Internos!$B$123:$B$126, Calculos_Internos!$A$123:$A$126, J81) | L81: =SUMIFS(Calculos_Internos!$C$123:$C$126, Calculos_Internos!$A$123:$A$126, J81) | M81: =SUMIFS(Calculos_Internos!$D$123:$D$126, Calculos_Internos!$A$123:$A$126, J81) | N81: =SUMIFS(Calculos_Internos!$E$123:$E$126, Calculos_Internos!$A$123:$A$126, J81)
B82: M047 | C82: Uruguay | E82: - | G82: Espana | I82: 4 | J82: =Calculos_Internos!H126 | K82: =SUMIFS(Calculos_Internos!$B$123:$B$126, Calculos_Internos!$A$123:$A$126, J82) | L82: =SUMIFS(Calculos_Internos!$C$123:$C$126, Calculos_Internos!$A$123:$A$126, J82) | M82: =SUMIFS(Calculos_Internos!$D$123:$D$126, Calculos_Internos!$A$123:$A$126, J82) | N82: =SUMIFS(Calculos_Internos!$E$123:$E$126, Calculos_Internos!$A$123:$A$126, J82)
B83: M048 | C83: Cabo Verde | E83: - | G83: Arabia Saudi
B86: 📅 PARTIDOS GRUPO I | I86: 📊 CLASIFICACION GRUPO I
B87: M049 | C87: Francia | E87: - | G87: Senegal | I87: Pos | J87: Equipo | K87: Pts | L87: GF | M87: GC | N87: DG
B88: M050 | C88: Noruega | E88: - | G88: Irak | I88: 1 | J88: =Calculos_Internos!H129 | K88: =SUMIFS(Calculos_Internos!$B$129:$B$132, Calculos_Internos!$A$129:$A$132, J88) | L88: =SUMIFS(Calculos_Internos!$C$129:$C$132, Calculos_Internos!$A$129:$A$132, J88) | M88: =SUMIFS(Calculos_Internos!$D$129:$D$132, Calculos_Internos!$A$129:$A$132, J88) | N88: =SUMIFS(Calculos_Internos!$E$129:$E$132, Calculos_Internos!$A$129:$A$132, J88)
B89: M051 | C89: Francia | E89: - | G89: Noruega | I89: 2 | J89: =Calculos_Internos!H130 | K89: =SUMIFS(Calculos_Internos!$B$129:$B$132, Calculos_Internos!$A$129:$A$132, J89) | L89: =SUMIFS(Calculos_Internos!$C$129:$C$132, Calculos_Internos!$A$129:$A$132, J89) | M89: =SUMIFS(Calculos_Internos!$D$129:$D$132, Calculos_Internos!$A$129:$A$132, J89) | N89: =SUMIFS(Calculos_Internos!$E$129:$E$132, Calculos_Internos!$A$129:$A$132, J89)
B90: M052 | C90: Senegal | E90: - | G90: Irak | I90: 3 | J90: =Calculos_Internos!H131 | K90: =SUMIFS(Calculos_Internos!$B$129:$B$132, Calculos_Internos!$A$129:$A$132, J90) | L90: =SUMIFS(Calculos_Internos!$C$129:$C$132, Calculos_Internos!$A$129:$A$132, J90) | M90: =SUMIFS(Calculos_Internos!$D$129:$D$132, Calculos_Internos!$A$129:$A$132, J90) | N90: =SUMIFS(Calculos_Internos!$E$129:$E$132, Calculos_Internos!$A$129:$A$132, J90)
B91: M053 | C91: Irak | E91: - | G91: Francia | I91: 4 | J91: =Calculos_Internos!H132 | K91: =SUMIFS(Calculos_Internos!$B$129:$B$132, Calculos_Internos!$A$129:$A$132, J91) | L91: =SUMIFS(Calculos_Internos!$C$129:$C$132, Calculos_Internos!$A$129:$A$132, J91) | M91: =SUMIFS(Calculos_Internos!$D$129:$D$132, Calculos_Internos!$A$129:$A$132, J91) | N91: =SUMIFS(Calculos_Internos!$E$129:$E$132, Calculos_Internos!$A$129:$A$132, J91)
B92: M054 | C92: Senegal | E92: - | G92: Noruega
B95: 📅 PARTIDOS GRUPO J | I95: 📊 CLASIFICACION GRUPO J
B96: M055 | C96: Argentina | E96: - | G96: Argelia | I96: Pos | J96: Equipo | K96: Pts | L96: GF | M96: GC | N96: DG
B97: M056 | C97: Austria | E97: - | G97: Jordania | I97: 1 | J97: =Calculos_Internos!H135 | K97: =SUMIFS(Calculos_Internos!$B$135:$B$138, Calculos_Internos!$A$135:$A$138, J97) | L97: =SUMIFS(Calculos_Internos!$C$135:$C$138, Calculos_Internos!$A$135:$A$138, J97) | M97: =SUMIFS(Calculos_Internos!$D$135:$D$138, Calculos_Internos!$A$135:$A$138, J97) | N97: =SUMIFS(Calculos_Internos!$E$135:$E$138, Calculos_Internos!$A$135:$A$138, J97)
B98: M057 | C98: Argentina | E98: - | G98: Austria | I98: 2 | J98: =Calculos_Internos!H136 | K98: =SUMIFS(Calculos_Internos!$B$135:$B$138, Calculos_Internos!$A$135:$A$138, J98) | L98: =SUMIFS(Calculos_Internos!$C$135:$C$138, Calculos_Internos!$A$135:$A$138, J98) | M98: =SUMIFS(Calculos_Internos!$D$135:$D$138, Calculos_Internos!$A$135:$A$138, J98) | N98: =SUMIFS(Calculos_Internos!$E$135:$E$138, Calculos_Internos!$A$135:$A$138, J98)
B99: M058 | C99: Argelia | E99: - | G99: Jordania | I99: 3 | J99: =Calculos_Internos!H137 | K99: =SUMIFS(Calculos_Internos!$B$135:$B$138, Calculos_Internos!$A$135:$A$138, J99) | L99: =SUMIFS(Calculos_Internos!$C$135:$C$138, Calculos_Internos!$A$135:$A$138, J99) | M99: =SUMIFS(Calculos_Internos!$D$135:$D$138, Calculos_Internos!$A$135:$A$138, J99) | N99: =SUMIFS(Calculos_Internos!$E$135:$E$138, Calculos_Internos!$A$135:$A$138, J99)
B100: M059 | C100: Jordania | E100: - | G100: Argentina | I100: 4 | J100: =Calculos_Internos!H138 | K100: =SUMIFS(Calculos_Internos!$B$135:$B$138, Calculos_Internos!$A$135:$A$138, J100) | L100: =SUMIFS(Calculos_Internos!$C$135:$C$138, Calculos_Internos!$A$135:$A$138, J100) | M100: =SUMIFS(Calculos_Internos!$D$135:$D$138, Calculos_Internos!$A$135:$A$138, J100) | N100: =SUMIFS(Calculos_Internos!$E$135:$E$138, Calculos_Internos!$A$135:$A$138, J100)
B101: M060 | C101: Argelia | E101: - | G101: Austria
B104: 📅 PARTIDOS GRUPO K | I104: 📊 CLASIFICACION GRUPO K
B105: M061 | C105: Portugal | E105: - | G105: RD Congo | I105: Pos | J105: Equipo | K105: Pts | L105: GF | M105: GC | N105: DG
B106: M062 | C106: Uzbekistan | E106: - | G106: Colombia | I106: 1 | J106: =Calculos_Internos!H141 | K106: =SUMIFS(Calculos_Internos!$B$141:$B$144, Calculos_Internos!$A$141:$A$144, J106) | L106: =SUMIFS(Calculos_Internos!$C$141:$C$144, Calculos_Internos!$A$141:$A$144, J106) | M106: =SUMIFS(Calculos_Internos!$D$141:$D$144, Calculos_Internos!$A$141:$A$144, J106) | N106: =SUMIFS(Calculos_Internos!$E$141:$E$144, Calculos_Internos!$A$141:$A$144, J106)
B107: M063 | C107: Portugal | E107: - | G107: Uzbekistan | I107: 2 | J107: =Calculos_Internos!H142 | K107: =SUMIFS(Calculos_Internos!$B$141:$B$144, Calculos_Internos!$A$141:$A$144, J107) | L107: =SUMIFS(Calculos_Internos!$C$141:$C$144, Calculos_Internos!$A$141:$A$144, J107) | M107: =SUMIFS(Calculos_Internos!$D$141:$D$144, Calculos_Internos!$A$141:$A$144, J107) | N107: =SUMIFS(Calculos_Internos!$E$141:$E$144, Calculos_Internos!$A$141:$A$144, J107)
B108: M064 | C108: RD Congo | E108: - | G108: Colombia | I108: 3 | J108: =Calculos_Internos!H143 | K108: =SUMIFS(Calculos_Internos!$B$141:$B$144, Calculos_Internos!$A$141:$A$144, J108) | L108: =SUMIFS(Calculos_Internos!$C$141:$C$144, Calculos_Internos!$A$141:$A$144, J108) | M108: =SUMIFS(Calculos_Internos!$D$141:$D$144, Calculos_Internos!$A$141:$A$144, J108) | N108: =SUMIFS(Calculos_Internos!$E$141:$E$144, Calculos_Internos!$A$141:$A$144, J108)
B109: M065 | C109: Colombia | E109: - | G109: Portugal | I109: 4 | J109: =Calculos_Internos!H144 | K109: =SUMIFS(Calculos_Internos!$B$141:$B$144, Calculos_Internos!$A$141:$A$144, J109) | L109: =SUMIFS(Calculos_Internos!$C$141:$C$144, Calculos_Internos!$A$141:$A$144, J109) | M109: =SUMIFS(Calculos_Internos!$D$141:$D$144, Calculos_Internos!$A$141:$A$144, J109) | N109: =SUMIFS(Calculos_Internos!$E$141:$E$144, Calculos_Internos!$A$141:$A$144, J109)
B110: M066 | C110: RD Congo | E110: - | G110: Uzbekistan
B113: 📅 PARTIDOS GRUPO L | I113: 📊 CLASIFICACION GRUPO L
B114: M067 | C114: Inglaterra | E114: - | G114: Croacia | I114: Pos | J114: Equipo | K114: Pts | L114: GF | M114: GC | N114: DG
B115: M068 | C115: Ghana | E115: - | G115: Panama | I115: 1 | J115: =Calculos_Internos!H147 | K115: =SUMIFS(Calculos_Internos!$B$147:$B$150, Calculos_Internos!$A$147:$A$150, J115) | L115: =SUMIFS(Calculos_Internos!$C$147:$C$150, Calculos_Internos!$A$147:$A$150, J115) | M115: =SUMIFS(Calculos_Internos!$D$147:$D$150, Calculos_Internos!$A$147:$A$150, J115) | N115: =SUMIFS(Calculos_Internos!$E$147:$E$150, Calculos_Internos!$A$147:$A$150, J115)
B116: M069 | C116: Inglaterra | E116: - | G116: Ghana | I116: 2 | J116: =Calculos_Internos!H148 | K116: =SUMIFS(Calculos_Internos!$B$147:$B$150, Calculos_Internos!$A$147:$A$150, J116) | L116: =SUMIFS(Calculos_Internos!$C$147:$C$150, Calculos_Internos!$A$147:$A$150, J116) | M116: =SUMIFS(Calculos_Internos!$D$147:$D$150, Calculos_Internos!$A$147:$A$150, J116) | N116: =SUMIFS(Calculos_Internos!$E$147:$E$150, Calculos_Internos!$A$147:$A$150, J116)
B117: M070 | C117: Croacia | E117: - | G117: Panama | I117: 3 | J117: =Calculos_Internos!H149 | K117: =SUMIFS(Calculos_Internos!$B$147:$B$150, Calculos_Internos!$A$147:$A$150, J117) | L117: =SUMIFS(Calculos_Internos!$C$147:$C$150, Calculos_Internos!$A$147:$A$150, J117) | M117: =SUMIFS(Calculos_Internos!$D$147:$D$150, Calculos_Internos!$A$147:$A$150, J117) | N117: =SUMIFS(Calculos_Internos!$E$147:$E$150, Calculos_Internos!$A$147:$A$150, J117)
B118: M071 | C118: Panama | E118: - | G118: Inglaterra | I118: 4 | J118: =Calculos_Internos!H150 | K118: =SUMIFS(Calculos_Internos!$B$147:$B$150, Calculos_Internos!$A$147:$A$150, J118) | L118: =SUMIFS(Calculos_Internos!$C$147:$C$150, Calculos_Internos!$A$147:$A$150, J118) | M118: =SUMIFS(Calculos_Internos!$D$147:$D$150, Calculos_Internos!$A$147:$A$150, J118) | N118: =SUMIFS(Calculos_Internos!$E$147:$E$150, Calculos_Internos!$A$147:$A$150, J118)
B119: M072 | C119: Croacia | E119: - | G119: Ghana

Sheet Llave_Final
B2: 🏆 CUADRO DE ELIMINATORIAS DIRECTAS (MODO LLAVE)
B3: Los equipos bajan solos desde los grupos. Al lado de cada selección se muestra su origen explícito.
E4: Goles | F4: Pen. | K4: Goles | L4: Pen. | Q4: Goles | R4: Pen. | W4: Goles | X4: Pen. | AC4: Goles | AD4: Pen.
B5: DIECISEISAVOS DE FINAL | H5: OCTAVOS DE FINAL | N5: CUARTOS DE FINAL | T5: SEMIFINALES | Z5: GRANDES FINALES
B6: D1 (M73) | C6: 1A | D6: =Calculos_Internos!H81
C7: 3º Top 1 | D7: =Calculos_Internos!H160
H9: O1 (M89) | I9: Gan. D1 | J9: =Calculos_Internos!I200
I10: Gan. D2 | J10: =Calculos_Internos!I201
B12: D2 (M74) | C12: 2A | D12: =Calculos_Internos!H82
C13: 2B | D13: =Calculos_Internos!H88
N15: C1 (M97) | O15: Gan. O1 | P15: =Calculos_Internos!I216
O16: Gan. O2 | P16: =Calculos_Internos!I217
B18: D3 (M75) | C18: 1B | D18: =Calculos_Internos!H87
C19: 3º Top 2 | D19: =Calculos_Internos!H161
H21: O2 (M90) | I21: Gan. D3 | J21: =Calculos_Internos!I202
I22: Gan. D4 | J22: =Calculos_Internos!I203
B24: D4 (M76) | C24: 1C | D24: =Calculos_Internos!H93
C25: 3º Top 3 | D25: =Calculos_Internos!H162
T27: S1 (M101) | U27: Gan. C1 | V27: =Calculos_Internos!I224
U28: Gan. C2 | V28: =Calculos_Internos!I225
B30: D5 (M77) | C30: 2C | D30: =Calculos_Internos!H94
C31: 2D | D31: =Calculos_Internos!H100
H33: O3 (M91) | I33: Gan. D5 | J33: =Calculos_Internos!I204
I34: Gan. D6 | J34: =Calculos_Internos!I205
B36: D6 (M78) | C36: 1D | D36: =Calculos_Internos!H99
C37: 3º Top 4 | D37: =Calculos_Internos!H163
N39: C2 (M98) | O39: Gan. O3 | P39: =Calculos_Internos!I218
O40: Gan. O4 | P40: =Calculos_Internos!I219
B42: D7 (M79) | C42: 1E | D42: =Calculos_Internos!H105
C43: 3º Top 5 | D43: =Calculos_Internos!H164
H45: O4 (M92) | I45: Gan. D7 | J45: =Calculos_Internos!I206
I46: Gan. D8 | J46: =Calculos_Internos!I207 | Z46: M104 (Final) | AA46: Gan. S1 | AB46: =Calculos_Internos!I228
AA47: Gan. S2 | AB47: =Calculos_Internos!I229
B48: D8 (M80) | C48: 2E | D48: =Calculos_Internos!H106
C49: 2F | D49: =Calculos_Internos!H112
Z52: M103 (3º Puesto) | AA52: Perd. S1 | AB52: =IF(Calculos_Internos!I228=Calculos_Internos!C228,Calculos_Internos!F228,Calculos_Internos!C228)
N53: C3 (M99) | O53: Gan. O5 | P53: =Calculos_Internos!I220 | AA53: Perd. S2 | AB53: =IF(Calculos_Internos!I229=Calculos_Internos!C229,Calculos_Internos!F229,Calculos_Internos!C229)
B54: D9 (M81) | C54: 1F | D54: =Calculos_Internos!H111 | O54: Gan. O6 | P54: =Calculos_Internos!I221
C55: 3º Top 6 | D55: =Calculos_Internos!H165
H57: O5 (M93) | I57: Gan. D9 | J57: =Calculos_Internos!I208
I58: Gan. D10 | J58: =Calculos_Internos!I209
B60: D10 (M82) | C60: 1G | D60: =Calculos_Internos!H117
C61: 3º Top 7 | D61: =Calculos_Internos!H166
T65: S2 (M102) | U65: Gan. C3 | V65: =Calculos_Internos!I226
B66: D11 (M83) | C66: 2G | D66: =Calculos_Internos!H118 | U66: Gan. C4 | V66: =Calculos_Internos!I227
C67: 2H | D67: =Calculos_Internos!H124
H69: O6 (M94) | I69: Gan. D11 | J69: =Calculos_Internos!I210
I70: Gan. D12 | J70: =Calculos_Internos!I211
B72: D12 (M84) | C72: 1H | D72: =Calculos_Internos!H123
C73: 3º Top 8 | D73: =Calculos_Internos!H167
N77: C4 (M100) | O77: Gan. O7 | P77: =Calculos_Internos!I222
B78: D13 (M85) | C78: 1I | D78: =Calculos_Internos!H129 | O78: Gan. O8 | P78: =Calculos_Internos!I223
C79: 2J | D79: =Calculos_Internos!H136
H81: O7 (M95) | I81: Gan. D13 | J81: =Calculos_Internos!I212
I82: Gan. D14 | J82: =Calculos_Internos!I213
B84: D14 (M86) | C84: 1J | D84: =Calculos_Internos!H135
C85: 2K | D85: =Calculos_Internos!H142
B90: D15 (M87) | C90: 1K | D90: =Calculos_Internos!H141
C91: 2L | D91: =Calculos_Internos!H148
H93: O8 (M96) | I93: Gan. D15 | J93: =Calculos_Internos!I214
I94: Gan. D16 | J94: =Calculos_Internos!I215
B96: D16 (M88) | C96: 1L | D96: =Calculos_Internos!H147
C97: 2I | D97: =Calculos_Internos!H130

Sheet Calculos_Internos
A1: ID | B1: Grupo | C1: Local | D1: GL | E1: GV | F1: Visitante | G1: PKL | H1: PKV | I1: Ganador | J1: PtsL | K1: PtsV | L1: GFL | M1: GFV
A2: M001 | B2: Grupo A | C2: =Porra_Grupos!C15 | D2: =IF(Porra_Grupos!D15="","",Porra_Grupos!D15) | E2: =IF(Porra_Grupos!F15="","",Porra_Grupos!F15) | F2: =Porra_Grupos!G15 | G2: - | H2: - | J2: =IF(OR(D2="",E2=""),0,IF(D2>E2,3,IF(D2=E2,1,0))) | K2: =IF(OR(D2="",E2=""),0,IF(E2>D2,3,IF(D2=E2,1,0))) | L2: =IF(OR(D2="",E2=""),0,D2) | M2: =IF(OR(D2="",E2=""),0,E2)
A3: M002 | B3: Grupo A | C3: =Porra_Grupos!C16 | D3: =IF(Porra_Grupos!D16="","",Porra_Grupos!D16) | E3: =IF(Porra_Grupos!F16="","",Porra_Grupos!F16) | F3: =Porra_Grupos!G16 | G3: - | H3: - | J3: =IF(OR(D3="",E3=""),0,IF(D3>E3,3,IF(D3=E3,1,0))) | K3: =IF(OR(D3="",E3=""),0,IF(E3>D3,3,IF(D3=E3,1,0))) | L3: =IF(OR(D3="",E3=""),0,D3) | M3: =IF(OR(D3="",E3=""),0,E3)
A4: M003 | B4: Grupo A | C4: =Porra_Grupos!C17 | D4: =IF(Porra_Grupos!D17="","",Porra_Grupos!D17) | E4: =IF(Porra_Grupos!F17="","",Porra_Grupos!F17) | F4: =Porra_Grupos!G17 | G4: - | H4: - | J4: =IF(OR(D4="",E4=""),0,IF(D4>E4,3,IF(D4=E4,1,0))) | K4: =IF(OR(D4="",E4=""),0,IF(E4>D4,3,IF(D4=E4,1,0))) | L4: =IF(OR(D4="",E4=""),0,D4) | M4: =IF(OR(D4="",E4=""),0,E4)
A5: M004 | B5: Grupo A | C5: =Porra_Grupos!C18 | D5: =IF(Porra_Grupos!D18="","",Porra_Grupos!D18) | E5: =IF(Porra_Grupos!F18="","",Porra_Grupos!F18) | F5: =Porra_Grupos!G18 | G5: - | H5: - | J5: =IF(OR(D5="",E5=""),0,IF(D5>E5,3,IF(D5=E5,1,0))) | K5: =IF(OR(D5="",E5=""),0,IF(E5>D5,3,IF(D5=E5,1,0))) | L5: =IF(OR(D5="",E5=""),0,D5) | M5: =IF(OR(D5="",E5=""),0,E5)
A6: M005 | B6: Grupo A | C6: =Porra_Grupos!C19 | D6: =IF(Porra_Grupos!D19="","",Porra_Grupos!D19) | E6: =IF(Porra_Grupos!F19="","",Porra_Grupos!F19) | F6: =Porra_Grupos!G19 | G6: - | H6: - | J6: =IF(OR(D6="",E6=""),0,IF(D6>E6,3,IF(D6=E6,1,0))) | K6: =IF(OR(D6="",E6=""),0,IF(E6>D6,3,IF(D6=E6,1,0))) | L6: =IF(OR(D6="",E6=""),0,D6) | M6: =IF(OR(D6="",E6=""),0,E6)
A7: M006 | B7: Grupo A | C7: =Porra_Grupos!C20 | D7: =IF(Porra_Grupos!D20="","",Porra_Grupos!D20) | E7: =IF(Porra_Grupos!F20="","",Porra_Grupos!F20) | F7: =Porra_Grupos!G20 | G7: - | H7: - | J7: =IF(OR(D7="",E7=""),0,IF(D7>E7,3,IF(D7=E7,1,0))) | K7: =IF(OR(D7="",E7=""),0,IF(E7>D7,3,IF(D7=E7,1,0))) | L7: =IF(OR(D7="",E7=""),0,D7) | M7: =IF(OR(D7="",E7=""),0,E7)
A8: M007 | B8: Grupo B | C8: =Porra_Grupos!C24 | D8: =IF(Porra_Grupos!D24="","",Porra_Grupos!D24) | E8: =IF(Porra_Grupos!F24="","",Porra_Grupos!F24) | F8: =Porra_Grupos!G24 | G8: - | H8: - | J8: =IF(OR(D8="",E8=""),0,IF(D8>E8,3,IF(D8=E8,1,0))) | K8: =IF(OR(D8="",E8=""),0,IF(E8>D8,3,IF(D8=E8,1,0))) | L8: =IF(OR(D8="",E8=""),0,D8) | M8: =IF(OR(D8="",E8=""),0,E8)
A9: M008 | B9: Grupo B | C9: =Porra_Grupos!C25 | D9: =IF(Porra_Grupos!D25="","",Porra_Grupos!D25) | E9: =IF(Porra_Grupos!F25="","",Porra_Grupos!F25) | F9: =Porra_Grupos!G25 | G9: - | H9: - | J9: =IF(OR(D9="",E9=""),0,IF(D9>E9,3,IF(D9=E9,1,0))) | K9: =IF(OR(D9="",E9=""),0,IF(E9>D9,3,IF(D9=E9,1,0))) | L9: =IF(OR(D9="",E9=""),0,D9) | M9: =IF(OR(D9="",E9=""),0,E9)
A10: M009 | B10: Grupo B | C10: =Porra_Grupos!C26 | D10: =IF(Porra_Grupos!D26="","",Porra_Grupos!D26) | E10: =IF(Porra_Grupos!F26="","",Porra_Grupos!F26) | F10: =Porra_Grupos!G26 | G10: - | H10: - | J10: =IF(OR(D10="",E10=""),0,IF(D10>E10,3,IF(D10=E10,1,0))) | K10: =IF(OR(D10="",E10=""),0,IF(E10>D10,3,IF(D10=E10,1,0))) | L10: =IF(OR(D10="",E10=""),0,D10) | M10: =IF(OR(D10="",E10=""),0,E10)
A11: M010 | B11: Grupo B | C11: =Porra_Grupos!C27 | D11: =IF(Porra_Grupos!D27="","",Porra_Grupos!D27) | E11: =IF(Porra_Grupos!F27="","",Porra_Grupos!F27) | F11: =Porra_Grupos!G27 | G11: - | H11: - | J11: =IF(OR(D11="",E11=""),0,IF(D11>E11,3,IF(D11=E11,1,0))) | K11: =IF(OR(D11="",E11=""),0,IF(E11>D11,3,IF(D11=E11,1,0))) | L11: =IF(OR(D11="",E11=""),0,D11) | M11: =IF(OR(D11="",E11=""),0,E11)
A12: M011 | B12: Grupo B | C12: =Porra_Grupos!C28 | D12: =IF(Porra_Grupos!D28="","",Porra_Grupos!D28) | E12: =IF(Porra_Grupos!F28="","",Porra_Grupos!F28) | F12: =Porra_Grupos!G28 | G12: - | H12: - | J12: =IF(OR(D12="",E12=""),0,IF(D12>E12,3,IF(D12=E12,1,0))) | K12: =IF(OR(D12="",E12=""),0,IF(E12>D12,3,IF(D12=E12,1,0))) | L12: =IF(OR(D12="",E12=""),0,D12) | M12: =IF(OR(D12="",E12=""),0,E12)
A13: M012 | B13: Grupo B | C13: =Porra_Grupos!C29 | D13: =IF(Porra_Grupos!D29="","",Porra_Grupos!D29) | E13: =IF(Porra_Grupos!F29="","",Porra_Grupos!F29) | F13: =Porra_Grupos!G29 | G13: - | H13: - | J13: =IF(OR(D13="",E13=""),0,IF(D13>E13,3,IF(D13=E13,1,0))) | K13: =IF(OR(D13="",E13=""),0,IF(E13>D13,3,IF(D13=E13,1,0))) | L13: =IF(OR(D13="",E13=""),0,D13) | M13: =IF(OR(D13="",E13=""),0,E13)
A14: M013 | B14: Grupo C | C14: =Porra_Grupos!C33 | D14: =IF(Porra_Grupos!D33="","",Porra_Grupos!D33) | E14: =IF(Porra_Grupos!F33="","",Porra_Grupos!F33) | F14: =Porra_Grupos!G33 | G14: - | H14: - | J14: =IF(OR(D14="",E14=""),0,IF(D14>E14,3,IF(D14=E14,1,0))) | K14: =IF(OR(D14="",E14=""),0,IF(E14>D14,3,IF(D14=E14,1,0))) | L14: =IF(OR(D14="",E14=""),0,D14) | M14: =IF(OR(D14="",E14=""),0,E14)
A15: M014 | B15: Grupo C | C15: =Porra_Grupos!C34 | D15: =IF(Porra_Grupos!D34="","",Porra_Grupos!D34) | E15: =IF(Porra_Grupos!F34="","",Porra_Grupos!F34) | F15: =Porra_Grupos!G34 | G15: - | H15: - | J15: =IF(OR(D15="",E15=""),0,IF(D15>E15,3,IF(D15=E15,1,0))) | K15: =IF(OR(D15="",E15=""),0,IF(E15>D15,3,IF(D15=E15,1,0))) | L15: =IF(OR(D15="",E15=""),0,D15) | M15: =IF(OR(D15="",E15=""),0,E15)
A16: M015 | B16: Grupo C | C16: =Porra_Grupos!C35 | D16: =IF(Porra_Grupos!D35="","",Porra_Grupos!D35) | E16: =IF(Porra_Grupos!F35="","",Porra_Grupos!F35) | F16: =Porra_Grupos!G35 | G16: - | H16: - | J16: =IF(OR(D16="",E16=""),0,IF(D16>E16,3,IF(D16=E16,1,0))) | K16: =IF(OR(D16="",E16=""),0,IF(E16>D16,3,IF(D16=E16,1,0))) | L16: =IF(OR(D16="",E16=""),0,D16) | M16: =IF(OR(D16="",E16=""),0,E16)
A17: M016 | B17: Grupo C | C17: =Porra_Grupos!C36 | D17: =IF(Porra_Grupos!D36="","",Porra_Grupos!D36) | E17: =IF(Porra_Grupos!F36="","",Porra_Grupos!F36) | F17: =Porra_Grupos!G36 | G17: - | H17: - | J17: =IF(OR(D17="",E17=""),0,IF(D17>E17,3,IF(D17=E17,1,0))) | K17: =IF(OR(D17="",E17=""),0,IF(E17>D17,3,IF(D17=E17,1,0))) | L17: =IF(OR(D17="",E17=""),0,D17) | M17: =IF(OR(D17="",E17=""),0,E17)
A18: M017 | B18: Grupo C | C18: =Porra_Grupos!C37 | D18: =IF(Porra_Grupos!D37="","",Porra_Grupos!D37) | E18: =IF(Porra_Grupos!F37="","",Porra_Grupos!F37) | F18: =Porra_Grupos!G37 | G18: - | H18: - | J18: =IF(OR(D18="",E18=""),0,IF(D18>E18,3,IF(D18=E18,1,0))) | K18: =IF(OR(D18="",E18=""),0,IF(E18>D18,3,IF(D18=E18,1,0))) | L18: =IF(OR(D18="",E18=""),0,D18) | M18: =IF(OR(D18="",E18=""),0,E18)
A19: M018 | B19: Grupo C | C19: =Porra_Grupos!C38 | D19: =IF(Porra_Grupos!D38="","",Porra_Grupos!D38) | E19: =IF(Porra_Grupos!F38="","",Porra_Grupos!F38) | F19: =Porra_Grupos!G38 | G19: - | H19: - | J19: =IF(OR(D19="",E19=""),0,IF(D19>E19,3,IF(D19=E19,1,0))) | K19: =IF(OR(D19="",E19=""),0,IF(E19>D19,3,IF(D19=E19,1,0))) | L19: =IF(OR(D19="",E19=""),0,D19) | M19: =IF(OR(D19="",E19=""),0,E19)
A20: M019 | B20: Grupo D | C20: =Porra_Grupos!C42 | D20: =IF(Porra_Grupos!D42="","",Porra_Grupos!D42) | E20: =IF(Porra_Grupos!F42="","",Porra_Grupos!F42) | F20: =Porra_Grupos!G42 | G20: - | H20: - | J20: =IF(OR(D20="",E20=""),0,IF(D20>E20,3,IF(D20=E20,1,0))) | K20: =IF(OR(D20="",E20=""),0,IF(E20>D20,3,IF(D20=E20,1,0))) | L20: =IF(OR(D20="",E20=""),0,D20) | M20: =IF(OR(D20="",E20=""),0,E20)
A21: M020 | B21: Grupo D | C21: =Porra_Grupos!C43 | D21: =IF(Porra_Grupos!D43="","",Porra_Grupos!D43) | E21: =IF(Porra_Grupos!F43="","",Porra_Grupos!F43) | F21: =Porra_Grupos!G43 | G21: - | H21: - | J21: =IF(OR(D21="",E21=""),0,IF(D21>E21,3,IF(D21=E21,1,0))) | K21: =IF(OR(D21="",E21=""),0,IF(E21>D21,3,IF(D21=E21,1,0))) | L21: =IF(OR(D21="",E21=""),0,D21) | M21: =IF(OR(D21="",E21=""),0,E21)
A22: M021 | B22: Grupo D | C22: =Porra_Grupos!C44 | D22: =IF(Porra_Grupos!D44="","",Porra_Grupos!D44) | E22: =IF(Porra_Grupos!F44="","",Porra_Grupos!F44) | F22: =Porra_Grupos!G44 | G22: - | H22: - | J22: =IF(OR(D22="",E22=""),0,IF(D22>E22,3,IF(D22=E22,1,0))) | K22: =IF(OR(D22="",E22=""),0,IF(E22>D22,3,IF(D22=E22,1,0))) | L22: =IF(OR(D22="",E22=""),0,D22) | M22: =IF(OR(D22="",E22=""),0,E22)
A23: M022 | B23: Grupo D | C23: =Porra_Grupos!C45 | D23: =IF(Porra_Grupos!D45="","",Porra_Grupos!D45) | E23: =IF(Porra_Grupos!F45="","",Porra_Grupos!F45) | F23: =Porra_Grupos!G45 | G23: - | H23: - | J23: =IF(OR(D23="",E23=""),0,IF(D23>E23,3,IF(D23=E23,1,0))) | K23: =IF(OR(D23="",E23=""),0,IF(E23>D23,3,IF(D23=E23,1,0))) | L23: =IF(OR(D23="",E23=""),0,D23) | M23: =IF(OR(D23="",E23=""),0,E23)
A24: M023 | B24: Grupo D | C24: =Porra_Grupos!C46 | D24: =IF(Porra_Grupos!D46="","",Porra_Grupos!D46) | E24: =IF(Porra_Grupos!F46="","",Porra_Grupos!F46) | F24: =Porra_Grupos!G46 | G24: - | H24: - | J24: =IF(OR(D24="",E24=""),0,IF(D24>E24,3,IF(D24=E24,1,0))) | K24: =IF(OR(D24="",E24=""),0,IF(E24>D24,3,IF(D24=E24,1,0))) | L24: =IF(OR(D24="",E24=""),0,D24) | M24: =IF(OR(D24="",E24=""),0,E24)
A25: M024 | B25: Grupo D | C25: =Porra_Grupos!C47 | D25: =IF(Porra_Grupos!D47="","",Porra_Grupos!D47) | E25: =IF(Porra_Grupos!F47="","",Porra_Grupos!F47) | F25: =Porra_Grupos!G47 | G25: - | H25: - | J25: =IF(OR(D25="",E25=""),0,IF(D25>E25,3,IF(D25=E25,1,0))) | K25: =IF(OR(D25="",E25=""),0,IF(E25>D25,3,IF(D25=E25,1,0))) | L25: =IF(OR(D25="",E25=""),0,D25) | M25: =IF(OR(D25="",E25=""),0,E25)
A26: M025 | B26: Grupo E | C26: =Porra_Grupos!C51 | D26: =IF(Porra_Grupos!D51="","",Porra_Grupos!D51) | E26: =IF(Porra_Grupos!F51="","",Porra_Grupos!F51) | F26: =Porra_Grupos!G51 | G26: - | H26: - | J26: =IF(OR(D26="",E26=""),0,IF(D26>E26,3,IF(D26=E26,1,0))) | K26: =IF(OR(D26="",E26=""),0,IF(E26>D26,3,IF(D26=E26,1,0))) | L26: =IF(OR(D26="",E26=""),0,D26) | M26: =IF(OR(D26="",E26=""),0,E26)
A27: M026 | B27: Grupo E | C27: =Porra_Grupos!C52 | D27: =IF(Porra_Grupos!D52="","",Porra_Grupos!D52) | E27: =IF(Porra_Grupos!F52="","",Porra_Grupos!F52) | F27: =Porra_Grupos!G52 | G27: - | H27: - | J27: =IF(OR(D27="",E27=""),0,IF(D27>E27,3,IF(D27=E27,1,0))) | K27: =IF(OR(D27="",E27=""),0,IF(E27>D27,3,IF(D27=E27,1,0))) | L27: =IF(OR(D27="",E27=""),0,D27) | M27: =IF(OR(D27="",E27=""),0,E27)
A28: M027 | B28: Grupo E | C28: =Porra_Grupos!C53 | D28: =IF(Porra_Grupos!D53="","",Porra_Grupos!D53) | E28: =IF(Porra_Grupos!F53="","",Porra_Grupos!F53) | F28: =Porra_Grupos!G53 | G28: - | H28: - | J28: =IF(OR(D28="",E28=""),0,IF(D28>E28,3,IF(D28=E28,1,0))) | K28: =IF(OR(D28="",E28=""),0,IF(E28>D28,3,IF(D28=E28,1,0))) | L28: =IF(OR(D28="",E28=""),0,D28) | M28: =IF(OR(D28="",E28=""),0,E28)
A29: M028 | B29: Grupo E | C29: =Porra_Grupos!C54 | D29: =IF(Porra_Grupos!D54="","",Porra_Grupos!D54) | E29: =IF(Porra_Grupos!F54="","",Porra_Grupos!F54) | F29: =Porra_Grupos!G54 | G29: - | H29: - | J29: =IF(OR(D29="",E29=""),0,IF(D29>E29,3,IF(D29=E29,1,0))) | K29: =IF(OR(D29="",E29=""),0,IF(E29>D29,3,IF(D29=E29,1,0))) | L29: =IF(OR(D29="",E29=""),0,D29) | M29: =IF(OR(D29="",E29=""),0,E29)
A30: M029 | B30: Grupo E | C30: =Porra_Grupos!C55 | D30: =IF(Porra_Grupos!D55="","",Porra_Grupos!D55) | E30: =IF(Porra_Grupos!F55="","",Porra_Grupos!F55) | F30: =Porra_Grupos!G55 | G30: - | H30: - | J30: =IF(OR(D30="",E30=""),0,IF(D30>E30,3,IF(D30=E30,1,0))) | K30: =IF(OR(D30="",E30=""),0,IF(E30>D30,3,IF(D30=E30,1,0))) | L30: =IF(OR(D30="",E30=""),0,D30) | M30: =IF(OR(D30="",E30=""),0,E30)
A31: M030 | B31: Grupo E | C31: =Porra_Grupos!C56 | D31: =IF(Porra_Grupos!D56="","",Porra_Grupos!D56) | E31: =IF(Porra_Grupos!F56="","",Porra_Grupos!F56) | F31: =Porra_Grupos!G56 | G31: - | H31: - | J31: =IF(OR(D31="",E31=""),0,IF(D31>E31,3,IF(D31=E31,1,0))) | K31: =IF(OR(D31="",E31=""),0,IF(E31>D31,3,IF(D31=E31,1,0))) | L31: =IF(OR(D31="",E31=""),0,D31) | M31: =IF(OR(D31="",E31=""),0,E31)
A32: M031 | B32: Grupo F | C32: =Porra_Grupos!C60 | D32: =IF(Porra_Grupos!D60="","",Porra_Grupos!D60) | E32: =IF(Porra_Grupos!F60="","",Porra_Grupos!F60) | F32: =Porra_Grupos!G60 | G32: - | H32: - | J32: =IF(OR(D32="",E32=""),0,IF(D32>E32,3,IF(D32=E32,1,0))) | K32: =IF(OR(D32="",E32=""),0,IF(E32>D32,3,IF(D32=E32,1,0))) | L32: =IF(OR(D32="",E32=""),0,D32) | M32: =IF(OR(D32="",E32=""),0,E32)
A33: M032 | B33: Grupo F | C33: =Porra_Grupos!C61 | D33: =IF(Porra_Grupos!D61="","",Porra_Grupos!D61) | E33: =IF(Porra_Grupos!F61="","",Porra_Grupos!F61) | F33: =Porra_Grupos!G61 | G33: - | H33: - | J33: =IF(OR(D33="",E33=""),0,IF(D33>E33,3,IF(D33=E33,1,0))) | K33: =IF(OR(D33="",E33=""),0,IF(E33>D33,3,IF(D33=E33,1,0))) | L33: =IF(OR(D33="",E33=""),0,D33) | M33: =IF(OR(D33="",E33=""),0,E33)
A34: M033 | B34: Grupo F | C34: =Porra_Grupos!C62 | D34: =IF(Porra_Grupos!D62="","",Porra_Grupos!D62) | E34: =IF(Porra_Grupos!F62="","",Porra_Grupos!F62) | F34: =Porra_Grupos!G62 | G34: - | H34: - | J34: =IF(OR(D34="",E34=""),0,IF(D34>E34,3,IF(D34=E34,1,0))) | K34: =IF(OR(D34="",E34=""),0,IF(E34>D34,3,IF(D34=E34,1,0))) | L34: =IF(OR(D34="",E34=""),0,D34) | M34: =IF(OR(D34="",E34=""),0,E34)
A35: M034 | B35: Grupo F | C35: =Porra_Grupos!C63 | D35: =IF(Porra_Grupos!D63="","",Porra_Grupos!D63) | E35: =IF(Porra_Grupos!F63="","",Porra_Grupos!F63) | F35: =Porra_Grupos!G63 | G35: - | H35: - | J35: =IF(OR(D35="",E35=""),0,IF(D35>E35,3,IF(D35=E35,1,0))) | K35: =IF(OR(D35="",E35=""),0,IF(E35>D35,3,IF(D35=E35,1,0))) | L35: =IF(OR(D35="",E35=""),0,D35) | M35: =IF(OR(D35="",E35=""),0,E35)
A36: M035 | B36: Grupo F | C36: =Porra_Grupos!C64 | D36: =IF(Porra_Grupos!D64="","",Porra_Grupos!D64) | E36: =IF(Porra_Grupos!F64="","",Porra_Grupos!F64) | F36: =Porra_Grupos!G64 | G36: - | H36: - | J36: =IF(OR(D36="",E36=""),0,IF(D36>E36,3,IF(D36=E36,1,0))) | K36: =IF(OR(D36="",E36=""),0,IF(E36>D36,3,IF(D36=E36,1,0))) | L36: =IF(OR(D36="",E36=""),0,D36) | M36: =IF(OR(D36="",E36=""),0,E36)
A37: M036 | B37: Grupo F | C37: =Porra_Grupos!C65 | D37: =IF(Porra_Grupos!D65="","",Porra_Grupos!D65) | E37: =IF(Porra_Grupos!F65="","",Porra_Grupos!F65) | F37: =Porra_Grupos!G65 | G37: - | H37: - | J37: =IF(OR(D37="",E37=""),0,IF(D37>E37,3,IF(D37=E37,1,0))) | K37: =IF(OR(D37="",E37=""),0,IF(E37>D37,3,IF(D37=E37,1,0))) | L37: =IF(OR(D37="",E37=""),0,D37) | M37: =IF(OR(D37="",E37=""),0,E37)
A38: M037 | B38: Grupo G | C38: =Porra_Grupos!C69 | D38: =IF(Porra_Grupos!D69="","",Porra_Grupos!D69) | E38: =IF(Porra_Grupos!F69="","",Porra_Grupos!F69) | F38: =Porra_Grupos!G69 | G38: - | H38: - | J38: =IF(OR(D38="",E38=""),0,IF(D38>E38,3,IF(D38=E38,1,0))) | K38: =IF(OR(D38="",E38=""),0,IF(E38>D38,3,IF(D38=E38,1,0))) | L38: =IF(OR(D38="",E38=""),0,D38) | M38: =IF(OR(D38="",E38=""),0,E38)
A39: M038 | B39: Grupo G | C39: =Porra_Grupos!C70 | D39: =IF(Porra_Grupos!D70="","",Porra_Grupos!D70) | E39: =IF(Porra_Grupos!F70="","",Porra_Grupos!F70) | F39: =Porra_Grupos!G70 | G39: - | H39: - | J39: =IF(OR(D39="",E39=""),0,IF(D39>E39,3,IF(D39=E39,1,0))) | K39: =IF(OR(D39="",E39=""),0,IF(E39>D39,3,IF(D39=E39,1,0))) | L39: =IF(OR(D39="",E39=""),0,D39) | M39: =IF(OR(D39="",E39=""),0,E39)
A40: M039 | B40: Grupo G | C40: =Porra_Grupos!C71 | D40: =IF(Porra_Grupos!D71="","",Porra_Grupos!D71) | E40: =IF(Porra_Grupos!F71="","",Porra_Grupos!F71) | F40: =Porra_Grupos!G71 | G40: - | H40: - | J40: =IF(OR(D40="",E40=""),0,IF(D40>E40,3,IF(D40=E40,1,0))) | K40: =IF(OR(D40="",E40=""),0,IF(E40>D40,3,IF(D40=E40,1,0))) | L40: =IF(OR(D40="",E40=""),0,D40) | M40: =IF(OR(D40="",E40=""),0,E40)
A41: M040 | B41: Grupo G | C41: =Porra_Grupos!C72 | D41: =IF(Porra_Grupos!D72="","",Porra_Grupos!D72) | E41: =IF(Porra_Grupos!F72="","",Porra_Grupos!F72) | F41: =Porra_Grupos!G72 | G41: - | H41: - | J41: =IF(OR(D41="",E41=""),0,IF(D41>E41,3,IF(D41=E41,1,0))) | K41: =IF(OR(D41="",E41=""),0,IF(E41>D41,3,IF(D41=E41,1,0))) | L41: =IF(OR(D41="",E41=""),0,D41) | M41: =IF(OR(D41="",E41=""),0,E41)
A42: M041 | B42: Grupo G | C42: =Porra_Grupos!C73 | D42: =IF(Porra_Grupos!D73="","",Porra_Grupos!D73) | E42: =IF(Porra_Grupos!F73="","",Porra_Grupos!F73) | F42: =Porra_Grupos!G73 | G42: - | H42: - | J42: =IF(OR(D42="",E42=""),0,IF(D42>E42,3,IF(D42=E42,1,0))) | K42: =IF(OR(D42="",E42=""),0,IF(E42>D42,3,IF(D42=E42,1,0))) | L42: =IF(OR(D42="",E42=""),0,D42) | M42: =IF(OR(D42="",E42=""),0,E42)
A43: M042 | B43: Grupo G | C43: =Porra_Grupos!C74 | D43: =IF(Porra_Grupos!D74="","",Porra_Grupos!D74) | E43: =IF(Porra_Grupos!F74="","",Porra_Grupos!F74) | F43: =Porra_Grupos!G74 | G43: - | H43: - | J43: =IF(OR(D43="",E43=""),0,IF(D43>E43,3,IF(D43=E43,1,0))) | K43: =IF(OR(D43="",E43=""),0,IF(E43>D43,3,IF(D43=E43,1,0))) | L43: =IF(OR(D43="",E43=""),0,D43) | M43: =IF(OR(D43="",E43=""),0,E43)
A44: M043 | B44: Grupo H | C44: =Porra_Grupos!C78 | D44: =IF(Porra_Grupos!D78="","",Porra_Grupos!D78) | E44: =IF(Porra_Grupos!F78="","",Porra_Grupos!F78) | F44: =Porra_Grupos!G78 | G44: - | H44: - | J44: =IF(OR(D44="",E44=""),0,IF(D44>E44,3,IF(D44=E44,1,0))) | K44: =IF(OR(D44="",E44=""),0,IF(E44>D44,3,IF(D44=E44,1,0))) | L44: =IF(OR(D44="",E44=""),0,D44) | M44: =IF(OR(D44="",E44=""),0,E44)
A45: M044 | B45: Grupo H | C45: =Porra_Grupos!C79 | D45: =IF(Porra_Grupos!D79="","",Porra_Grupos!D79) | E45: =IF(Porra_Grupos!F79="","",Porra_Grupos!F79) | F45: =Porra_Grupos!G79 | G45: - | H45: - | J45: =IF(OR(D45="",E45=""),0,IF(D45>E45,3,IF(D45=E45,1,0))) | K45: =IF(OR(D45="",E45=""),0,IF(E45>D45,3,IF(D45=E45,1,0))) | L45: =IF(OR(D45="",E45=""),0,D45) | M45: =IF(OR(D45="",E45=""),0,E45)
A46: M045 | B46: Grupo H | C46: =Porra_Grupos!C80 | D46: =IF(Porra_Grupos!D80="","",Porra_Grupos!D80) | E46: =IF(Porra_Grupos!F80="","",Porra_Grupos!F80) | F46: =Porra_Grupos!G80 | G46: - | H46: - | J46: =IF(OR(D46="",E46=""),0,IF(D46>E46,3,IF(D46=E46,1,0))) | K46: =IF(OR(D46="",E46=""),0,IF(E46>D46,3,IF(D46=E46,1,0))) | L46: =IF(OR(D46="",E46=""),0,D46) | M46: =IF(OR(D46="",E46=""),0,E46)
A47: M046 | B47: Grupo H | C47: =Porra_Grupos!C81 | D47: =IF(Porra_Grupos!D81="","",Porra_Grupos!D81) | E47: =IF(Porra_Grupos!F81="","",Porra_Grupos!F81) | F47: =Porra_Grupos!G81 | G47: - | H47: - | J47: =IF(OR(D47="",E47=""),0,IF(D47>E47,3,IF(D47=E47,1,0))) | K47: =IF(OR(D47="",E47=""),0,IF(E47>D47,3,IF(D47=E47,1,0))) | L47: =IF(OR(D47="",E47=""),0,D47) | M47: =IF(OR(D47="",E47=""),0,E47)
A48: M047 | B48: Grupo H | C48: =Porra_Grupos!C82 | D48: =IF(Porra_Grupos!D82="","",Porra_Grupos!D82) | E48: =IF(Porra_Grupos!F82="","",Porra_Grupos!F82) | F48: =Porra_Grupos!G82 | G48: - | H48: - | J48: =IF(OR(D48="",E48=""),0,IF(D48>E48,3,IF(D48=E48,1,0))) | K48: =IF(OR(D48="",E48=""),0,IF(E48>D48,3,IF(D48=E48,1,0))) | L48: =IF(OR(D48="",E48=""),0,D48) | M48: =IF(OR(D48="",E48=""),0,E48)
A49: M048 | B49: Grupo H | C49: =Porra_Grupos!C83 | D49: =IF(Porra_Grupos!D83="","",Porra_Grupos!D83) | E49: =IF(Porra_Grupos!F83="","",Porra_Grupos!F83) | F49: =Porra_Grupos!G83 | G49: - | H49: - | J49: =IF(OR(D49="",E49=""),0,IF(D49>E49,3,IF(D49=E49,1,0))) | K49: =IF(OR(D49="",E49=""),0,IF(E49>D49,3,IF(D49=E49,1,0))) | L49: =IF(OR(D49="",E49=""),0,D49) | M49: =IF(OR(D49="",E49=""),0,E49)
A50: M049 | B50: Grupo I | C50: =Porra_Grupos!C87 | D50: =IF(Porra_Grupos!D87="","",Porra_Grupos!D87) | E50: =IF(Porra_Grupos!F87="","",Porra_Grupos!F87) | F50: =Porra_Grupos!G87 | G50: - | H50: - | J50: =IF(OR(D50="",E50=""),0,IF(D50>E50,3,IF(D50=E50,1,0))) | K50: =IF(OR(D50="",E50=""),0,IF(E50>D50,3,IF(D50=E50,1,0))) | L50: =IF(OR(D50="",E50=""),0,D50) | M50: =IF(OR(D50="",E50=""),0,E50)
A51: M050 | B51: Grupo I | C51: =Porra_Grupos!C88 | D51: =IF(Porra_Grupos!D88="","",Porra_Grupos!D88) | E51: =IF(Porra_Grupos!F88="","",Porra_Grupos!F88) | F51: =Porra_Grupos!G88 | G51: - | H51: - | J51: =IF(OR(D51="",E51=""),0,IF(D51>E51,3,IF(D51=E51,1,0))) | K51: =IF(OR(D51="",E51=""),0,IF(E51>D51,3,IF(D51=E51,1,0))) | L51: =IF(OR(D51="",E51=""),0,D51) | M51: =IF(OR(D51="",E51=""),0,E51)
A52: M051 | B52: Grupo I | C52: =Porra_Grupos!C89 | D52: =IF(Porra_Grupos!D89="","",Porra_Grupos!D89) | E52: =IF(Porra_Grupos!F89="","",Porra_Grupos!F89) | F52: =Porra_Grupos!G89 | G52: - | H52: - | J52: =IF(OR(D52="",E52=""),0,IF(D52>E52,3,IF(D52=E52,1,0))) | K52: =IF(OR(D52="",E52=""),0,IF(E52>D52,3,IF(D52=E52,1,0))) | L52: =IF(OR(D52="",E52=""),0,D52) | M52: =IF(OR(D52="",E52=""),0,E52)
A53: M052 | B53: Grupo I | C53: =Porra_Grupos!C90 | D53: =IF(Porra_Grupos!D90="","",Porra_Grupos!D90) | E53: =IF(Porra_Grupos!F90="","",Porra_Grupos!F90) | F53: =Porra_Grupos!G90 | G53: - | H53: - | J53: =IF(OR(D53="",E53=""),0,IF(D53>E53,3,IF(D53=E53,1,0))) | K53: =IF(OR(D53="",E53=""),0,IF(E53>D53,3,IF(D53=E53,1,0))) | L53: =IF(OR(D53="",E53=""),0,D53) | M53: =IF(OR(D53="",E53=""),0,E53)
A54: M053 | B54: Grupo I | C54: =Porra_Grupos!C91 | D54: =IF(Porra_Grupos!D91="","",Porra_Grupos!D91) | E54: =IF(Porra_Grupos!F91="","",Porra_Grupos!F91) | F54: =Porra_Grupos!G91 | G54: - | H54: - | J54: =IF(OR(D54="",E54=""),0,IF(D54>E54,3,IF(D54=E54,1,0))) | K54: =IF(OR(D54="",E54=""),0,IF(E54>D54,3,IF(D54=E54,1,0))) | L54: =IF(OR(D54="",E54=""),0,D54) | M54: =IF(OR(D54="",E54=""),0,E54)
A55: M054 | B55: Grupo I | C55: =Porra_Grupos!C92 | D55: =IF(Porra_Grupos!D92="","",Porra_Grupos!D92) | E55: =IF(Porra_Grupos!F92="","",Porra_Grupos!F92) | F55: =Porra_Grupos!G92 | G55: - | H55: - | J55: =IF(OR(D55="",E55=""),0,IF(D55>E55,3,IF(D55=E55,1,0))) | K55: =IF(OR(D55="",E55=""),0,IF(E55>D55,3,IF(D55=E55,1,0))) | L55: =IF(OR(D55="",E55=""),0,D55) | M55: =IF(OR(D55="",E55=""),0,E55)
A56: M055 | B56: Grupo J | C56: =Porra_Grupos!C96 | D56: =IF(Porra_Grupos!D96="","",Porra_Grupos!D96) | E56: =IF(Porra_Grupos!F96="","",Porra_Grupos!F96) | F56: =Porra_Grupos!G96 | G56: - | H56: - | J56: =IF(OR(D56="",E56=""),0,IF(D56>E56,3,IF(D56=E56,1,0))) | K56: =IF(OR(D56="",E56=""),0,IF(E56>D56,3,IF(D56=E56,1,0))) | L56: =IF(OR(D56="",E56=""),0,D56) | M56: =IF(OR(D56="",E56=""),0,E56)
A57: M056 | B57: Grupo J | C57: =Porra_Grupos!C97 | D57: =IF(Porra_Grupos!D97="","",Porra_Grupos!D97) | E57: =IF(Porra_Grupos!F97="","",Porra_Grupos!F97) | F57: =Porra_Grupos!G97 | G57: - | H57: - | J57: =IF(OR(D57="",E57=""),0,IF(D57>E57,3,IF(D57=E57,1,0))) | K57: =IF(OR(D57="",E57=""),0,IF(E57>D57,3,IF(D57=E57,1,0))) | L57: =IF(OR(D57="",E57=""),0,D57) | M57: =IF(OR(D57="",E57=""),0,E57)
A58: M057 | B58: Grupo J | C58: =Porra_Grupos!C98 | D58: =IF(Porra_Grupos!D98="","",Porra_Grupos!D98) | E58: =IF(Porra_Grupos!F98="","",Porra_Grupos!F98) | F58: =Porra_Grupos!G98 | G58: - | H58: - | J58: =IF(OR(D58="",E58=""),0,IF(D58>E58,3,IF(D58=E58,1,0))) | K58: =IF(OR(D58="",E58=""),0,IF(E58>D58,3,IF(D58=E58,1,0))) | L58: =IF(OR(D58="",E58=""),0,D58) | M58: =IF(OR(D58="",E58=""),0,E58)
A59: M058 | B59: Grupo J | C59: =Porra_Grupos!C99 | D59: =IF(Porra_Grupos!D99="","",Porra_Grupos!D99) | E59: =IF(Porra_Grupos!F99="","",Porra_Grupos!F99) | F59: =Porra_Grupos!G99 | G59: - | H59: - | J59: =IF(OR(D59="",E59=""),0,IF(D59>E59,3,IF(D59=E59,1,0))) | K59: =IF(OR(D59="",E59=""),0,IF(E59>D59,3,IF(D59=E59,1,0))) | L59: =IF(OR(D59="",E59=""),0,D59) | M59: =IF(OR(D59="",E59=""),0,E59)
A60: M059 | B60: Grupo J | C60: =Porra_Grupos!C100 | D60: =IF(Porra_Grupos!D100="","",Porra_Grupos!D100) | E60: =IF(Porra_Grupos!F100="","",Porra_Grupos!F100) | F60: =Porra_Grupos!G100 | G60: - | H60: - | J60: =IF(OR(D60="",E60=""),0,IF(D60>E60,3,IF(D60=E60,1,0))) | K60: =IF(OR(D60="",E60=""),0,IF(E60>D60,3,IF(D60=E60,1,0))) | L60: =IF(OR(D60="",E60=""),0,D60) | M60: =IF(OR(D60="",E60=""),0,E60)
A61: M060 | B61: Grupo J | C61: =Porra_Grupos!C101 | D61: =IF(Porra_Grupos!D101="","",Porra_Grupos!D101) | E61: =IF(Porra_Grupos!F101="","",Porra_Grupos!F101) | F61: =Porra_Grupos!G101 | G61: - | H61: - | J61: =IF(OR(D61="",E61=""),0,IF(D61>E61,3,IF(D61=E61,1,0))) | K61: =IF(OR(D61="",E61=""),0,IF(E61>D61,3,IF(D61=E61,1,0))) | L61: =IF(OR(D61="",E61=""),0,D61) | M61: =IF(OR(D61="",E61=""),0,E61)
A62: M061 | B62: Grupo K | C62: =Porra_Grupos!C105 | D62: =IF(Porra_Grupos!D105="","",Porra_Grupos!D105) | E62: =IF(Porra_Grupos!F105="","",Porra_Grupos!F105) | F62: =Porra_Grupos!G105 | G62: - | H62: - | J62: =IF(OR(D62="",E62=""),0,IF(D62>E62,3,IF(D62=E62,1,0))) | K62: =IF(OR(D62="",E62=""),0,IF(E62>D62,3,IF(D62=E62,1,0))) | L62: =IF(OR(D62="",E62=""),0,D62) | M62: =IF(OR(D62="",E62=""),0,E62)
A63: M062 | B63: Grupo K | C63: =Porra_Grupos!C106 | D63: =IF(Porra_Grupos!D106="","",Porra_Grupos!D106) | E63: =IF(Porra_Grupos!F106="","",Porra_Grupos!F106) | F63: =Porra_Grupos!G106 | G63: - | H63: - | J63: =IF(OR(D63="",E63=""),0,IF(D63>E63,3,IF(D63=E63,1,0))) | K63: =IF(OR(D63="",E63=""),0,IF(E63>D63,3,IF(D63=E63,1,0))) | L63: =IF(OR(D63="",E63=""),0,D63) | M63: =IF(OR(D63="",E63=""),0,E63)
A64: M063 | B64: Grupo K | C64: =Porra_Grupos!C107 | D64: =IF(Porra_Grupos!D107="","",Porra_Grupos!D107) | E64: =IF(Porra_Grupos!F107="","",Porra_Grupos!F107) | F64: =Porra_Grupos!G107 | G64: - | H64: - | J64: =IF(OR(D64="",E64=""),0,IF(D64>E64,3,IF(D64=E64,1,0))) | K64: =IF(OR(D64="",E64=""),0,IF(E64>D64,3,IF(D64=E64,1,0))) | L64: =IF(OR(D64="",E64=""),0,D64) | M64: =IF(OR(D64="",E64=""),0,E64)
A65: M064 | B65: Grupo K | C65: =Porra_Grupos!C108 | D65: =IF(Porra_Grupos!D108="","",Porra_Grupos!D108) | E65: =IF(Porra_Grupos!F108="","",Porra_Grupos!F108) | F65: =Porra_Grupos!G108 | G65: - | H65: - | J65: =IF(OR(D65="",E65=""),0,IF(D65>E65,3,IF(D65=E65,1,0))) | K65: =IF(OR(D65="",E65=""),0,IF(E65>D65,3,IF(D65=E65,1,0))) | L65: =IF(OR(D65="",E65=""),0,D65) | M65: =IF(OR(D65="",E65=""),0,E65)
A66: M065 | B66: Grupo K | C66: =Porra_Grupos!C109 | D66: =IF(Porra_Grupos!D109="","",Porra_Grupos!D109) | E66: =IF(Porra_Grupos!F109="","",Porra_Grupos!F109) | F66: =Porra_Grupos!G109 | G66: - | H66: - | J66: =IF(OR(D66="",E66=""),0,IF(D66>E66,3,IF(D66=E66,1,0))) | K66: =IF(OR(D66="",E66=""),0,IF(E66>D66,3,IF(D66=E66,1,0))) | L66: =IF(OR(D66="",E66=""),0,D66) | M66: =IF(OR(D66="",E66=""),0,E66)
A67: M066 | B67: Grupo K | C67: =Porra_Grupos!C110 | D67: =IF(Porra_Grupos!D110="","",Porra_Grupos!D110) | E67: =IF(Porra_Grupos!F110="","",Porra_Grupos!F110) | F67: =Porra_Grupos!G110 | G67: - | H67: - | J67: =IF(OR(D67="",E67=""),0,IF(D67>E67,3,IF(D67=E67,1,0))) | K67: =IF(OR(D67="",E67=""),0,IF(E67>D67,3,IF(D67=E67,1,0))) | L67: =IF(OR(D67="",E67=""),0,D67) | M67: =IF(OR(D67="",E67=""),0,E67)
A68: M067 | B68: Grupo L | C68: =Porra_Grupos!C114 | D68: =IF(Porra_Grupos!D114="","",Porra_Grupos!D114) | E68: =IF(Porra_Grupos!F114="","",Porra_Grupos!F114) | F68: =Porra_Grupos!G114 | G68: - | H68: - | J68: =IF(OR(D68="",E68=""),0,IF(D68>E68,3,IF(D68=E68,1,0))) | K68: =IF(OR(D68="",E68=""),0,IF(E68>D68,3,IF(D68=E68,1,0))) | L68: =IF(OR(D68="",E68=""),0,D68) | M68: =IF(OR(D68="",E68=""),0,E68)
A69: M068 | B69: Grupo L | C69: =Porra_Grupos!C115 | D69: =IF(Porra_Grupos!D115="","",Porra_Grupos!D115) | E69: =IF(Porra_Grupos!F115="","",Porra_Grupos!F115) | F69: =Porra_Grupos!G115 | G69: - | H69: - | J69: =IF(OR(D69="",E69=""),0,IF(D69>E69,3,IF(D69=E69,1,0))) | K69: =IF(OR(D69="",E69=""),0,IF(E69>D69,3,IF(D69=E69,1,0))) | L69: =IF(OR(D69="",E69=""),0,D69) | M69: =IF(OR(D69="",E69=""),0,E69)
A70: M069 | B70: Grupo L | C70: =Porra_Grupos!C116 | D70: =IF(Porra_Grupos!D116="","",Porra_Grupos!D116) | E70: =IF(Porra_Grupos!F116="","",Porra_Grupos!F116) | F70: =Porra_Grupos!G116 | G70: - | H70: - | J70: =IF(OR(D70="",E70=""),0,IF(D70>E70,3,IF(D70=E70,1,0))) | K70: =IF(OR(D70="",E70=""),0,IF(E70>D70,3,IF(D70=E70,1,0))) | L70: =IF(OR(D70="",E70=""),0,D70) | M70: =IF(OR(D70="",E70=""),0,E70)
A71: M070 | B71: Grupo L | C71: =Porra_Grupos!C117 | D71: =IF(Porra_Grupos!D117="","",Porra_Grupos!D117) | E71: =IF(Porra_Grupos!F117="","",Porra_Grupos!F117) | F71: =Porra_Grupos!G117 | G71: - | H71: - | J71: =IF(OR(D71="",E71=""),0,IF(D71>E71,3,IF(D71=E71,1,0))) | K71: =IF(OR(D71="",E71=""),0,IF(E71>D71,3,IF(D71=E71,1,0))) | L71: =IF(OR(D71="",E71=""),0,D71) | M71: =IF(OR(D71="",E71=""),0,E71)
A72: M071 | B72: Grupo L | C72: =Porra_Grupos!C118 | D72: =IF(Porra_Grupos!D118="","",Porra_Grupos!D118) | E72: =IF(Porra_Grupos!F118="","",Porra_Grupos!F118) | F72: =Porra_Grupos!G118 | G72: - | H72: - | J72: =IF(OR(D72="",E72=""),0,IF(D72>E72,3,IF(D72=E72,1,0))) | K72: =IF(OR(D72="",E72=""),0,IF(E72>D72,3,IF(D72=E72,1,0))) | L72: =IF(OR(D72="",E72=""),0,D72) | M72: =IF(OR(D72="",E72=""),0,E72)
A73: M072 | B73: Grupo L | C73: =Porra_Grupos!C119 | D73: =IF(Porra_Grupos!D119="","",Porra_Grupos!D119) | E73: =IF(Porra_Grupos!F119="","",Porra_Grupos!F119) | F73: =Porra_Grupos!G119 | G73: - | H73: - | J73: =IF(OR(D73="",E73=""),0,IF(D73>E73,3,IF(D73=E73,1,0))) | K73: =IF(OR(D73="",E73=""),0,IF(E73>D73,3,IF(D73=E73,1,0))) | L73: =IF(OR(D73="",E73=""),0,D73) | M73: =IF(OR(D73="",E73=""),0,E73)
I79: FIFA Rank | J79: Fair Play | K79: Desempate Manual | L79: Total GF | M79: Total GC
A80: Grupo A
A81: Mexico | B81: =SUMIFS(J$2:J$73, C$2:C$73, A81) + SUMIFS(K$2:K$73, F$2:F$73, A81) | C81: =SUMIFS(L$2:L$73, C$2:C$73, A81) + SUMIFS(M$2:M$73, F$2:F$73, A81) | D81: =SUMIFS(M$2:M$73, C$2:C$73, A81) + SUMIFS(L$2:L$73, F$2:F$73, A81) | E81: =C81-D81 | F81: =B81+(E81+50)*0.001+C81*0.000001+K81*0.00000001+(100-J81)*0.0000000001+(300-I81)*0.000000000001 | G81: =RANK(F81, $F$81:$F$84) | H81: =INDEX($A$81:$A$84, MATCH(1, $G$81:$G$84, 0)) | I81: 17 | J81: 0 | K81: 0 | L81: =C81 + SUMIFS(D$198:D$231, C$198:C$231, A81) + SUMIFS(E$198:E$231, F$198:F$231, A81) | M81: =D81 + SUMIFS(E$198:E$231, C$198:C$231, A81) + SUMIFS(D$198:D$231, F$198:F$231, A81)
A82: Sudafrica | B82: =SUMIFS(J$2:J$73, C$2:C$73, A82) + SUMIFS(K$2:K$73, F$2:F$73, A82) | C82: =SUMIFS(L$2:L$73, C$2:C$73, A82) + SUMIFS(M$2:M$73, F$2:F$73, A82) | D82: =SUMIFS(M$2:M$73, C$2:C$73, A82) + SUMIFS(L$2:L$73, F$2:F$73, A82) | E82: =C82-D82 | F82: =B82+(E82+50)*0.001+C82*0.000001+K82*0.00000001+(100-J82)*0.0000000001+(300-I82)*0.000000000001 | G82: =RANK(F82, $F$81:$F$84) | H82: =INDEX($A$81:$A$84, MATCH(2, $G$81:$G$84, 0)) | I82: 59 | J82: 0 | K82: 0 | L82: =C82 + SUMIFS(D$198:D$231, C$198:C$231, A82) + SUMIFS(E$198:E$231, F$198:F$231, A82) | M82: =D82 + SUMIFS(E$198:E$231, C$198:C$231, A82) + SUMIFS(D$198:D$231, F$198:F$231, A82)
A83: Corea del Sur | B83: =SUMIFS(J$2:J$73, C$2:C$73, A83) + SUMIFS(K$2:K$73, F$2:F$73, A83) | C83: =SUMIFS(L$2:L$73, C$2:C$73, A83) + SUMIFS(M$2:M$73, F$2:F$73, A83) | D83: =SUMIFS(M$2:M$73, C$2:C$73, A83) + SUMIFS(L$2:L$73, F$2:F$73, A83) | E83: =C83-D83 | F83: =B83+(E83+50)*0.001+C83*0.000001+K83*0.00000001+(100-J83)*0.0000000001+(300-I83)*0.000000000001 | G83: =RANK(F83, $F$81:$F$84) | H83: =INDEX($A$81:$A$84, MATCH(3, $G$81:$G$84, 0)) | I83: 24 | J83: 0 | K83: 0 | L83: =C83 + SUMIFS(D$198:D$231, C$198:C$231, A83) + SUMIFS(E$198:E$231, F$198:F$231, A83) | M83: =D83 + SUMIFS(E$198:E$231, C$198:C$231, A83) + SUMIFS(D$198:D$231, F$198:F$231, A83)
A84: Rep. Checa | B84: =SUMIFS(J$2:J$73, C$2:C$73, A84) + SUMIFS(K$2:K$73, F$2:F$73, A84) | C84: =SUMIFS(L$2:L$73, C$2:C$73, A84) + SUMIFS(M$2:M$73, F$2:F$73, A84) | D84: =SUMIFS(M$2:M$73, C$2:C$73, A84) + SUMIFS(L$2:L$73, F$2:F$73, A84) | E84: =C84-D84 | F84: =B84+(E84+50)*0.001+C84*0.000001+K84*0.00000001+(100-J84)*0.0000000001+(300-I84)*0.000000000001 | G84: =RANK(F84, $F$81:$F$84) | H84: =INDEX($A$81:$A$84, MATCH(4, $G$81:$G$84, 0)) | I84: 36 | J84: 0 | K84: 0 | L84: =C84 + SUMIFS(D$198:D$231, C$198:C$231, A84) + SUMIFS(E$198:E$231, F$198:F$231, A84) | M84: =D84 + SUMIFS(E$198:E$231, C$198:C$231, A84) + SUMIFS(D$198:D$231, F$198:F$231, A84)
A86: Grupo B
A87: Canada | B87: =SUMIFS(J$2:J$73, C$2:C$73, A87) + SUMIFS(K$2:K$73, F$2:F$73, A87) | C87: =SUMIFS(L$2:L$73, C$2:C$73, A87) + SUMIFS(M$2:M$73, F$2:F$73, A87) | D87: =SUMIFS(M$2:M$73, C$2:C$73, A87) + SUMIFS(L$2:L$73, F$2:F$73, A87) | E87: =C87-D87 | F87: =B87+(E87+50)*0.001+C87*0.000001+K87*0.00000001+(100-J87)*0.0000000001+(300-I87)*0.000000000001 | G87: =RANK(F87, $F$87:$F$90) | H87: =INDEX($A$87:$A$90, MATCH(1, $G$87:$G$90, 0)) | I87: 40 | J87: 0 | K87: 0 | L87: =C87 + SUMIFS(D$198:D$231, C$198:C$231, A87) + SUMIFS(E$198:E$231, F$198:F$231, A87) | M87: =D87 + SUMIFS(E$198:E$231, C$198:C$231, A87) + SUMIFS(D$198:D$231, F$198:F$231, A87)
A88: Bosnia y Herzegovina | B88: =SUMIFS(J$2:J$73, C$2:C$73, A88) + SUMIFS(K$2:K$73, F$2:F$73, A88) | C88: =SUMIFS(L$2:L$73, C$2:C$73, A88) + SUMIFS(M$2:M$73, F$2:F$73, A88) | D88: =SUMIFS(M$2:M$73, C$2:C$73, A88) + SUMIFS(L$2:L$73, F$2:F$73, A88) | E88: =C88-D88 | F88: =B88+(E88+50)*0.001+C88*0.000001+K88*0.00000001+(100-J88)*0.0000000001+(300-I88)*0.000000000001 | G88: =RANK(F88, $F$87:$F$90) | H88: =INDEX($A$87:$A$90, MATCH(2, $G$87:$G$90, 0)) | I88: 74 | J88: 0 | K88: 0 | L88: =C88 + SUMIFS(D$198:D$231, C$198:C$231, A88) + SUMIFS(E$198:E$231, F$198:F$231, A88) | M88: =D88 + SUMIFS(E$198:E$231, C$198:C$231, A88) + SUMIFS(D$198:D$231, F$198:F$231, A88)
A89: Catar | B89: =SUMIFS(J$2:J$73, C$2:C$73, A89) + SUMIFS(K$2:K$73, F$2:F$73, A89) | C89: =SUMIFS(L$2:L$73, C$2:C$73, A89) + SUMIFS(M$2:M$73, F$2:F$73, A89) | D89: =SUMIFS(M$2:M$73, C$2:C$73, A89) + SUMIFS(L$2:L$73, F$2:F$73, A89) | E89: =C89-D89 | F89: =B89+(E89+50)*0.001+C89*0.000001+K89*0.00000001+(100-J89)*0.0000000001+(300-I89)*0.000000000001 | G89: =RANK(F89, $F$87:$F$90) | H89: =INDEX($A$87:$A$90, MATCH(3, $G$87:$G$90, 0)) | I89: 34 | J89: 0 | K89: 0 | L89: =C89 + SUMIFS(D$198:D$231, C$198:C$231, A89) + SUMIFS(E$198:E$231, F$198:F$231, A89) | M89: =D89 + SUMIFS(E$198:E$231, C$198:C$231, A89) + SUMIFS(D$198:D$231, F$198:F$231, A89)
A90: Suiza | B90: =SUMIFS(J$2:J$73, C$2:C$73, A90) + SUMIFS(K$2:K$73, F$2:F$73, A90) | C90: =SUMIFS(L$2:L$73, C$2:C$73, A90) + SUMIFS(M$2:M$73, F$2:F$73, A90) | D90: =SUMIFS(M$2:M$73, C$2:C$73, A90) + SUMIFS(L$2:L$73, F$2:F$73, A90) | E90: =C90-D90 | F90: =B90+(E90+50)*0.001+C90*0.000001+K90*0.00000001+(100-J90)*0.0000000001+(300-I90)*0.000000000001 | G90: =RANK(F90, $F$87:$F$90) | H90: =INDEX($A$87:$A$90, MATCH(4, $G$87:$G$90, 0)) | I90: 15 | J90: 0 | K90: 0 | L90: =C90 + SUMIFS(D$198:D$231, C$198:C$231, A90) + SUMIFS(E$198:E$231, F$198:F$231, A90) | M90: =D90 + SUMIFS(E$198:E$231, C$198:C$231, A90) + SUMIFS(D$198:D$231, F$198:F$231, A90)
A92: Grupo C
A93: Brasil | B93: =SUMIFS(J$2:J$73, C$2:C$73, A93) + SUMIFS(K$2:K$73, F$2:F$73, A93) | C93: =SUMIFS(L$2:L$73, C$2:C$73, A93) + SUMIFS(M$2:M$73, F$2:F$73, A93) | D93: =SUMIFS(M$2:M$73, C$2:C$73, A93) + SUMIFS(L$2:L$73, F$2:F$73, A93) | E93: =C93-D93 | F93: =B93+(E93+50)*0.001+C93*0.000001+K93*0.00000001+(100-J93)*0.0000000001+(300-I93)*0.000000000001 | G93: =RANK(F93, $F$93:$F$96) | H93: =INDEX($A$93:$A$96, MATCH(1, $G$93:$G$96, 0)) | I93: 5 | J93: 0 | K93: 0 | L93: =C93 + SUMIFS(D$198:D$231, C$198:C$231, A93) + SUMIFS(E$198:E$231, F$198:F$231, A93) | M93: =D93 + SUMIFS(E$198:E$231, C$198:C$231, A93) + SUMIFS(D$198:D$231, F$198:F$231, A93)
A94: Marruecos | B94: =SUMIFS(J$2:J$73, C$2:C$73, A94) + SUMIFS(K$2:K$73, F$2:F$73, A94) | C94: =SUMIFS(L$2:L$73, C$2:C$73, A94) + SUMIFS(M$2:M$73, F$2:F$73, A94) | D94: =SUMIFS(M$2:M$73, C$2:C$73, A94) + SUMIFS(L$2:L$73, F$2:F$73, A94) | E94: =C94-D94 | F94: =B94+(E94+50)*0.001+C94*0.000001+K94*0.00000001+(100-J94)*0.0000000001+(300-I94)*0.000000000001 | G94: =RANK(F94, $F$93:$F$96) | H94: =INDEX($A$93:$A$96, MATCH(2, $G$93:$G$96, 0)) | I94: 13 | J94: 0 | K94: 0 | L94: =C94 + SUMIFS(D$198:D$231, C$198:C$231, A94) + SUMIFS(E$198:E$231, F$198:F$231, A94) | M94: =D94 + SUMIFS(E$198:E$231, C$198:C$231, A94) + SUMIFS(D$198:D$231, F$198:F$231, A94)
A95: Haiti | B95: =SUMIFS(J$2:J$73, C$2:C$73, A95) + SUMIFS(K$2:K$73, F$2:F$73, A95) | C95: =SUMIFS(L$2:L$73, C$2:C$73, A95) + SUMIFS(M$2:M$73, F$2:F$73, A95) | D95: =SUMIFS(M$2:M$73, C$2:C$73, A95) + SUMIFS(L$2:L$73, F$2:F$73, A95) | E95: =C95-D95 | F95: =B95+(E95+50)*0.001+C95*0.000001+K95*0.00000001+(100-J95)*0.0000000001+(300-I95)*0.000000000001 | G95: =RANK(F95, $F$93:$F$96) | H95: =INDEX($A$93:$A$96, MATCH(3, $G$93:$G$96, 0)) | I95: 86 | J95: 0 | K95: 0 | L95: =C95 + SUMIFS(D$198:D$231, C$198:C$231, A95) + SUMIFS(E$198:E$231, F$198:F$231, A95) | M95: =D95 + SUMIFS(E$198:E$231, C$198:C$231, A95) + SUMIFS(D$198:D$231, F$198:F$231, A95)
A96: Escocia | B96: =SUMIFS(J$2:J$73, C$2:C$73, A96) + SUMIFS(K$2:K$73, F$2:F$73, A96) | C96: =SUMIFS(L$2:L$73, C$2:C$73, A96) + SUMIFS(M$2:M$73, F$2:F$73, A96) | D96: =SUMIFS(M$2:M$73, C$2:C$73, A96) + SUMIFS(L$2:L$73, F$2:F$73, A96) | E96: =C96-D96 | F96: =B96+(E96+50)*0.001+C96*0.000001+K96*0.00000001+(100-J96)*0.0000000001+(300-I96)*0.000000000001 | G96: =RANK(F96, $F$93:$F$96) | H96: =INDEX($A$93:$A$96, MATCH(4, $G$93:$G$96, 0)) | I96: 39 | J96: 0 | K96: 0 | L96: =C96 + SUMIFS(D$198:D$231, C$198:C$231, A96) + SUMIFS(E$198:E$231, F$198:F$231, A96) | M96: =D96 + SUMIFS(E$198:E$231, C$198:C$231, A96) + SUMIFS(D$198:D$231, F$198:F$231, A96)
A98: Grupo D
A99: Estados Unidos | B99: =SUMIFS(J$2:J$73, C$2:C$73, A99) + SUMIFS(K$2:K$73, F$2:F$73, A99) | C99: =SUMIFS(L$2:L$73, C$2:C$73, A99) + SUMIFS(M$2:M$73, F$2:F$73, A99) | D99: =SUMIFS(M$2:M$73, C$2:C$73, A99) + SUMIFS(L$2:L$73, F$2:F$73, A99) | E99: =C99-D99 | F99: =B99+(E99+50)*0.001+C99*0.000001+K99*0.00000001+(100-J99)*0.0000000001+(300-I99)*0.000000000001 | G99: =RANK(F99, $F$99:$F$102) | H99: =INDEX($A$99:$A$102, MATCH(1, $G$99:$G$102, 0)) | I99: 16 | J99: 0 | K99: 0 | L99: =C99 + SUMIFS(D$198:D$231, C$198:C$231, A99) + SUMIFS(E$198:E$231, F$198:F$231, A99) | M99: =D99 + SUMIFS(E$198:E$231, C$198:C$231, A99) + SUMIFS(D$198:D$231, F$198:F$231, A99)
A100: Paraguay | B100: =SUMIFS(J$2:J$73, C$2:C$73, A100) + SUMIFS(K$2:K$73, F$2:F$73, A100) | C100: =SUMIFS(L$2:L$73, C$2:C$73, A100) + SUMIFS(M$2:M$73, F$2:F$73, A100) | D100: =SUMIFS(M$2:M$73, C$2:C$73, A100) + SUMIFS(L$2:L$73, F$2:F$73, A100) | E100: =C100-D100 | F100: =B100+(E100+50)*0.001+C100*0.000001+K100*0.00000001+(100-J100)*0.0000000001+(300-I100)*0.000000000001 | G100: =RANK(F100, $F$99:$F$102) | H100: =INDEX($A$99:$A$102, MATCH(2, $G$99:$G$102, 0)) | I100: 56 | J100: 0 | K100: 0 | L100: =C100 + SUMIFS(D$198:D$231, C$198:C$231, A100) + SUMIFS(E$198:E$231, F$198:F$231, A100) | M100: =D100 + SUMIFS(E$198:E$231, C$198:C$231, A100) + SUMIFS(D$198:D$231, F$198:F$231, A100)
A101: Australia | B101: =SUMIFS(J$2:J$73, C$2:C$73, A101) + SUMIFS(K$2:K$73, F$2:F$73, A101) | C101: =SUMIFS(L$2:L$73, C$2:C$73, A101) + SUMIFS(M$2:M$73, F$2:F$73, A101) | D101: =SUMIFS(M$2:M$73, C$2:C$73, A101) + SUMIFS(L$2:L$73, F$2:F$73, A101) | E101: =C101-D101 | F101: =B101+(E101+50)*0.001+C101*0.000001+K101*0.00000001+(100-J101)*0.0000000001+(300-I101)*0.000000000001 | G101: =RANK(F101, $F$99:$F$102) | H101: =INDEX($A$99:$A$102, MATCH(3, $G$99:$G$102, 0)) | I101: 25 | J101: 0 | K101: 0 | L101: =C101 + SUMIFS(D$198:D$231, C$198:C$231, A101) + SUMIFS(E$198:E$231, F$198:F$231, A101) | M101: =D101 + SUMIFS(E$198:E$231, C$198:C$231, A101) + SUMIFS(D$198:D$231, F$198:F$231, A101)
A102: Turquia | B102: =SUMIFS(J$2:J$73, C$2:C$73, A102) + SUMIFS(K$2:K$73, F$2:F$73, A102) | C102: =SUMIFS(L$2:L$73, C$2:C$73, A102) + SUMIFS(M$2:M$73, F$2:F$73, A102) | D102: =SUMIFS(M$2:M$73, C$2:C$73, A102) + SUMIFS(L$2:L$73, F$2:F$73, A102) | E102: =C102-D102 | F102: =B102+(E102+50)*0.001+C102*0.000001+K102*0.00000001+(100-J102)*0.0000000001+(300-I102)*0.000000000001 | G102: =RANK(F102, $F$99:$F$102) | H102: =INDEX($A$99:$A$102, MATCH(4, $G$99:$G$102, 0)) | I102: 35 | J102: 0 | K102: 0 | L102: =C102 + SUMIFS(D$198:D$231, C$198:C$231, A102) + SUMIFS(E$198:E$231, F$198:F$231, A102) | M102: =D102 + SUMIFS(E$198:E$231, C$198:C$231, A102) + SUMIFS(D$198:D$231, F$198:F$231, A102)
A104: Grupo E
A105: Alemania | B105: =SUMIFS(J$2:J$73, C$2:C$73, A105) + SUMIFS(K$2:K$73, F$2:F$73, A105) | C105: =SUMIFS(L$2:L$73, C$2:C$73, A105) + SUMIFS(M$2:M$73, F$2:F$73, A105) | D105: =SUMIFS(M$2:M$73, C$2:C$73, A105) + SUMIFS(L$2:L$73, F$2:F$73, A105) | E105: =C105-D105 | F105: =B105+(E105+50)*0.001+C105*0.000001+K105*0.00000001+(100-J105)*0.0000000001+(300-I105)*0.000000000001 | G105: =RANK(F105, $F$105:$F$108) | H105: =INDEX($A$105:$A$108, MATCH(1, $G$105:$G$108, 0)) | I105: 11 | J105: 0 | K105: 0 | L105: =C105 + SUMIFS(D$198:D$231, C$198:C$231, A105) + SUMIFS(E$198:E$231, F$198:F$231, A105) | M105: =D105 + SUMIFS(E$198:E$231, C$198:C$231, A105) + SUMIFS(D$198:D$231, F$198:F$231, A105)
A106: Curazao | B106: =SUMIFS(J$2:J$73, C$2:C$73, A106) + SUMIFS(K$2:K$73, F$2:F$73, A106) | C106: =SUMIFS(L$2:L$73, C$2:C$73, A106) + SUMIFS(M$2:M$73, F$2:F$73, A106) | D106: =SUMIFS(M$2:M$73, C$2:C$73, A106) + SUMIFS(L$2:L$73, F$2:F$73, A106) | E106: =C106-D106 | F106: =B106+(E106+50)*0.001+C106*0.000001+K106*0.00000001+(100-J106)*0.0000000001+(300-I106)*0.000000000001 | G106: =RANK(F106, $F$105:$F$108) | H106: =INDEX($A$105:$A$108, MATCH(2, $G$105:$G$108, 0)) | I106: 90 | J106: 0 | K106: 0 | L106: =C106 + SUMIFS(D$198:D$231, C$198:C$231, A106) + SUMIFS(E$198:E$231, F$198:F$231, A106) | M106: =D106 + SUMIFS(E$198:E$231, C$198:C$231, A106) + SUMIFS(D$198:D$231, F$198:F$231, A106)
A107: Costa de Marfil | B107: =SUMIFS(J$2:J$73, C$2:C$73, A107) + SUMIFS(K$2:K$73, F$2:F$73, A107) | C107: =SUMIFS(L$2:L$73, C$2:C$73, A107) + SUMIFS(M$2:M$73, F$2:F$73, A107) | D107: =SUMIFS(M$2:M$73, C$2:C$73, A107) + SUMIFS(L$2:L$73, F$2:F$73, A107) | E107: =C107-D107 | F107: =B107+(E107+50)*0.001+C107*0.000001+K107*0.00000001+(100-J107)*0.0000000001+(300-I107)*0.000000000001 | G107: =RANK(F107, $F$105:$F$108) | H107: =INDEX($A$105:$A$108, MATCH(3, $G$105:$G$108, 0)) | I107: 38 | J107: 0 | K107: 0 | L107: =C107 + SUMIFS(D$198:D$231, C$198:C$231, A107) + SUMIFS(E$198:E$231, F$198:F$231, A107) | M107: =D107 + SUMIFS(E$198:E$231, C$198:C$231, A107) + SUMIFS(D$198:D$231, F$198:F$231, A107)
A108: Ecuador | B108: =SUMIFS(J$2:J$73, C$2:C$73, A108) + SUMIFS(K$2:K$73, F$2:F$73, A108) | C108: =SUMIFS(L$2:L$73, C$2:C$73, A108) + SUMIFS(M$2:M$73, F$2:F$73, A108) | D108: =SUMIFS(M$2:M$73, C$2:C$73, A108) + SUMIFS(L$2:L$73, F$2:F$73, A108) | E108: =C108-D108 | F108: =B108+(E108+50)*0.001+C108*0.000001+K108*0.00000001+(100-J108)*0.0000000001+(300-I108)*0.000000000001 | G108: =RANK(F108, $F$105:$F$108) | H108: =INDEX($A$105:$A$108, MATCH(4, $G$105:$G$108, 0)) | I108: 30 | J108: 0 | K108: 0 | L108: =C108 + SUMIFS(D$198:D$231, C$198:C$231, A108) + SUMIFS(E$198:E$231, F$198:F$231, A108) | M108: =D108 + SUMIFS(E$198:E$231, C$198:C$231, A108) + SUMIFS(D$198:D$231, F$198:F$231, A108)
A110: Grupo F
...

Sheet Datos_Raw
A1: Participante | B1: ID Partido | C1: Fase | D1: Equipo Local | E1: Equipo Visitante | F1: Goles Local | G1: Goles Visitante | H1: Penaltis Local | I1: Penaltis Visitante | J1: Balon Oro | K1: Balon Plata | L1: Balon Bronce | M1: Goleador 1 | N1: Goleador 2 | O1: Goleador 3
A2: =Porra_Grupos!$K$2 | B2: =Calculos_Internos!A2 | C2: =Calculos_Internos!B2 | D2: =Calculos_Internos!C2 | E2: =Calculos_Internos!F2 | F2: =Calculos_Internos!D2 | G2: =Calculos_Internos!E2 | H2: =IF(Calculos_Internos!G2="-", "-", Calculos_Internos!G2) | I2: =IF(Calculos_Internos!H2="-", "-", Calculos_Internos!H2) | J2: =Porra_Grupos!$D$6 | K2: =Porra_Grupos!$D$7 | L2: =Porra_Grupos!$D$8 | M2: =Porra_Grupos!$D$9 | N2: =Porra_Grupos!$D$10 | O2: =Porra_Grupos!$D$11
A3: =Porra_Grupos!$K$2 | B3: =Calculos_Internos!A3 | C3: =Calculos_Internos!B3 | D3: =Calculos_Internos!C3 | E3: =Calculos_Internos!F3 | F3: =Calculos_Internos!D3 | G3: =Calculos_Internos!E3 | H3: =IF(Calculos_Internos!G3="-", "-", Calculos_Internos!G3) | I3: =IF(Calculos_Internos!H3="-", "-", Calculos_Internos!H3) | J3: =Porra_Grupos!$D$6 | K3: =Porra_Grupos!$D$7 | L3: =Porra_Grupos!$D$8 | M3: =Porra_Grupos!$D$9 | N3: =Porra_Grupos!$D$10 | O3: =Porra_Grupos!$D$11
A4: =Porra_Grupos!$K$2 | B4: =Calculos_Internos!A4 | C4: =Calculos_Internos!B4 | D4: =Calculos_Internos!C4 | E4: =Calculos_Internos!F4 | F4: =Calculos_Internos!D4 | G4: =Calculos_Internos!E4 | H4: =IF(Calculos_Internos!G4="-", "-", Calculos_Internos!G4) | I4: =IF(Calculos_Internos!H4="-", "-", Calculos_Internos!H4) | J4: =Porra_Grupos!$D$6 | K4: =Porra_Grupos!$D$7 | L4: =Porra_Grupos!$D$8 | M4: =Porra_Grupos!$D$9 | N4: =Porra_Grupos!$D$10 | O4: =Porra_Grupos!$D$11
A5: =Porra_Grupos!$K$2 | B5: =Calculos_Internos!A5 | C5: =Calculos_Internos!B5 | D5: =Calculos_Internos!C5 | E5: =Calculos_Internos!F5 | F5: =Calculos_Internos!D5 | G5: =Calculos_Internos!E5 | H5: =IF(Calculos_Internos!G5="-", "-", Calculos_Internos!G5) | I5: =IF(Calculos_Internos!H5="-", "-", Calculos_Internos!H5) | J5: =Porra_Grupos!$D$6 | K5: =Porra_Grupos!$D$7 | L5: =Porra_Grupos!$D$8 | M5: =Porra_Grupos!$D$9 | N5: =Porra_Grupos!$D$10 | O5: =Porra_Grupos!$D$11
A6: =Porra_Grupos!$K$2 | B6: =Calculos_Internos!A6 | C6: =Calculos_Internos!B6 | D6: =Calculos_Internos!C6 | E6: =Calculos_Internos!F6 | F6: =Calculos_Internos!D6 | G6: =Calculos_Internos!E6 | H6: =IF(Calculos_Internos!G6="-", "-", Calculos_Internos!G6) | I6: =IF(Calculos_Internos!H6="-", "-", Calculos_Internos!H6) | J6: =Porra_Grupos!$D$6 | K6: =Porra_Grupos!$D$7 | L6: =Porra_Grupos!$D$8 | M6: =Porra_Grupos!$D$9 | N6: =Porra_Grupos!$D$10 | O6: =Porra_Grupos!$D$11
A7: =Porra_Grupos!$K$2 | B7: =Calculos_Internos!A7 | C7: =Calculos_Internos!B7 | D7: =Calculos_Internos!C7 | E7: =Calculos_Internos!F7 | F7: =Calculos_Internos!D7 | G7: =Calculos_Internos!E7 | H7: =IF(Calculos_Internos!G7="-", "-", Calculos_Internos!G7) | I7: =IF(Calculos_Internos!H7="-", "-", Calculos_Internos!H7) | J7: =Porra_Grupos!$D$6 | K7: =Porra_Grupos!$D$7 | L7: =Porra_Grupos!$D$8 | M7: =Porra_Grupos!$D$9 | N7: =Porra_Grupos!$D$10 | O7: =Porra_Grupos!$D$11
A8: =Porra_Grupos!$K$2 | B8: =Calculos_Internos!A8 | C8: =Calculos_Internos!B8 | D8: =Calculos_Internos!C8 | E8: =Calculos_Internos!F8 | F8: =Calculos_Internos!D8 | G8: =Calculos_Internos!E8 | H8: =IF(Calculos_Internos!G8="-", "-", Calculos_Internos!G8) | I8: =IF(Calculos_Internos!H8="-", "-", Calculos_Internos!H8) | J8: =Porra_Grupos!$D$6 | K8: =Porra_Grupos!$D$7 | L8: =Porra_Grupos!$D$8 | M8: =Porra_Grupos!$D$9 | N8: =Porra_Grupos!$D$10 | O8: =Porra_Grupos!$D$11
A9: =Porra_Grupos!$K$2 | B9: =Calculos_Internos!A9 | C9: =Calculos_Internos!B9 | D9: =Calculos_Internos!C9 | E9: =Calculos_Internos!F9 | F9: =Calculos_Internos!D9 | G9: =Calculos_Internos!E9 | H9: =IF(Calculos_Internos!G9="-", "-", Calculos_Internos!G9) | I9: =IF(Calculos_Internos!H9="-", "-", Calculos_Internos!H9) | J9: =Porra_Grupos!$D$6 | K9: =Porra_Grupos!$D$7 | L9: =Porra_Grupos!$D$8 | M9: =Porra_Grupos!$D$9 | N9: =Porra_Grupos!$D$10 | O9: =Porra_Grupos!$D$11
A10: =Porra_Grupos!$K$2 | B10: =Calculos_Internos!A10 | C10: =Calculos_Internos!B10 | D10: =Calculos_Internos!C10 | E10: =Calculos_Internos!F10 | F10: =Calculos_Internos!D10 | G10: =Calculos_Internos!E10 | H10: =IF(Calculos_Internos!G10="-", "-", Calculos_Internos!G10) | I10: =IF(Calculos_Internos!H10="-", "-", Calculos_Internos!H10) | J10: =Porra_Grupos!$D$6 | K10: =Porra_Grupos!$D$7 | L10: =Porra_Grupos!$D$8 | M10: =Porra_Grupos!$D$9 | N10: =Porra_Grupos!$D$10 | O10: =Porra_Grupos!$D$11
A11: =Porra_Grupos!$K$2 | B11: =Calculos_Internos!A11 | C11: =Calculos_Internos!B11 | D11: =Calculos_Internos!C11 | E11: =Calculos_Internos!F11 | F11: =Calculos_Internos!D11 | G11: =Calculos_Internos!E11 | H11: =IF(Calculos_Internos!G11="-", "-", Calculos_Internos!G11) | I11: =IF(Calculos_Internos!H11="-", "-", Calculos_Internos!H11) | J11: =Porra_Grupos!$D$6 | K11: =Porra_Grupos!$D$7 | L11: =Porra_Grupos!$D$8 | M11: =Porra_Grupos!$D$9 | N11: =Porra_Grupos!$D$10 | O11: =Porra_Grupos!$D$11
A12: =Porra_Grupos!$K$2 | B12: =Calculos_Internos!A12 | C12: =Calculos_Internos!B12 | D12: =Calculos_Internos!C12 | E12: =Calculos_Internos!F12 | F12: =Calculos_Internos!D12 | G12: =Calculos_Internos!E12 | H12: =IF(Calculos_Internos!G12="-", "-", Calculos_Internos!G12) | I12: =IF(Calculos_Internos!H12="-", "-", Calculos_Internos!H12) | J12: =Porra_Grupos!$D$6 | K12: =Porra_Grupos!$D$7 | L12: =Porra_Grupos!$D$8 | M12: =Porra_Grupos!$D$9 | N12: =Porra_Grupos!$D$10 | O12: =Porra_Grupos!$D$11
A13: =Porra_Grupos!$K$2 | B13: =Calculos_Internos!A13 | C13: =Calculos_Internos!B13 | D13: =Calculos_Internos!C13 | E13: =Calculos_Internos!F13 | F13: =Calculos_Internos!D13 | G13: =Calculos_Internos!E13 | H13: =IF(Calculos_Internos!G13="-", "-", Calculos_Internos!G13) | I13: =IF(Calculos_Internos!H13="-", "-", Calculos_Internos!H13) | J13: =Porra_Grupos!$D$6 | K13: =Porra_Grupos!$D$7 | L13: =Porra_Grupos!$D$8 | M13: =Porra_Grupos!$D$9 | N13: =Porra_Grupos!$D$10 | O13: =Porra_Grupos!$D$11
... A73: =Porra_Grupos!$K$2 | B73: =Calculos_Internos!A73 | C73: =Calculos_Internos!B73 | D73: =Calculos_Internos!C73 | E73: =Calculos_Internos!F73 | F73: =Calculos_Internos!D73 | G73: =Calculos_Internos!E73 | H73: =IF(Calculos_Internos!G73="-", "-", Calculos_Internos!G73) | I73: =IF(Calculos_Internos!H73="-", "-", Calculos_Internos!H73) | J73: =Porra_Grupos!$D$6 | K73: =Porra_Grupos!$D$7 | L73: =Porra_Grupos!$D$8 | M73: =Porra_Grupos!$D$9 | N73: =Porra_Grupos!$D$10 | O73: =Porra_Grupos!$D$11
A74: =Porra_Grupos!$K$2 | B74: =Calculos_Internos!A200 | C74: =Calculos_Internos!B200 | D74: =Calculos_Internos!C200 | E74: =Calculos_Internos!F200 | F74: =Calculos_Internos!D200 | G74: =Calculos_Internos!E200 | H74: =IF(Calculos_Internos!G200="-", "-", Calculos_Internos!G200) | I74: =IF(Calculos_Internos!H200="-", "-", Calculos_Internos!H200) | J74: =Porra_Grupos!$D$6 | K74: =Porra_Grupos!$D$7 | L74: =Porra_Grupos!$D$8 | M74: =Porra_Grupos!$D$9 | N74: =Porra_Grupos!$D$10 | O74: =Porra_Grupos!$D$11
A75: =Porra_Grupos!$K$2 | B75: =Calculos_Internos!A201 | C75: =Calculos_Internos!B201 | D75: =Calculos_Internos!C201 | E75: =Calculos_Internos!F201 | F75: =Calculos_Internos!D201 | G75: =Calculos_Internos!E201 | H75: =IF(Calculos_Internos!G201="-", "-", Calculos_Internos!G201) | I75: =IF(Calculos_Internos!H201="-", "-", Calculos_Internos!H201) | J75: =Porra_Grupos!$D$6 | K75: =Porra_Grupos!$D$7 | L75: =Porra_Grupos!$D$8 | M75: =Porra_Grupos!$D$9 | N75: =Porra_Grupos!$D$10 | O75: =Porra_Grupos!$D$11
A76: =Porra_Grupos!$K$2 | B76: =Calculos_Internos!A202 | C76: =Calculos_Internos!B202 | D76: =Calculos_Internos!C202 | E76: =Calculos_Internos!F202 | F76: =Calculos_Internos!D202 | G76: =Calculos_Internos!E202 | H76: =IF(Calculos_Internos!G202="-", "-", Calculos_Internos!G202) | I76: =IF(Calculos_Internos!H202="-", "-", Calculos_Internos!H202) | J76: =Porra_Grupos!$D$6 | K76: =Porra_Grupos!$D$7 | L76: =Porra_Grupos!$D$8 | M76: =Porra_Grupos!$D$9 | N76: =Porra_Grupos!$D$10 | O76: =Porra_Grupos!$D$11
A77: =Porra_Grupos!$K$2 | B77: =Calculos_Internos!A203 | C77: =Calculos_Internos!B203 | D77: =Calculos_Internos!C203 | E77: =Calculos_Internos!F203 | F77: =Calculos_Internos!D203 | G77: =Calculos_Internos!E203 | H77: =IF(Calculos_Internos!G203="-", "-", Calculos_Internos!G203) | I77: =IF(Calculos_Internos!H203="-", "-", Calculos_Internos!H203) | J77: =Porra_Grupos!$D$6 | K77: =Porra_Grupos!$D$7 | L77: =Porra_Grupos!$D$8 | M77: =Porra_Grupos!$D$9 | N77: =Porra_Grupos!$D$10 | O77: =Porra_Grupos!$D$11
A78: =Porra_Grupos!$K$2 | B78: =Calculos_Internos!A204 | C78: =Calculos_Internos!B204 | D78: =Calculos_Internos!C204 | E78: =Calculos_Internos!F204 | F78: =Calculos_Internos!D204 | G78: =Calculos_Internos!E204 | H78: =IF(Calculos_Internos!G204="-", "-", Calculos_Internos!G204) | I78: =IF(Calculos_Internos!H204="-", "-", Calculos_Internos!H204) | J78: =Porra_Grupos!$D$6 | K78: =Porra_Grupos!$D$7 | L78: =Porra_Grupos!$D$8 | M78: =Porra_Grupos!$D$9 | N78: =Porra_Grupos!$D$10 | O78: =Porra_Grupos!$D$11
A79: =Porra_Grupos!$K$2 | B79: =Calculos_Internos!A205 | C79: =Calculos_Internos!B205 | D79: =Calculos_Internos!C205 | E79: =Calculos_Internos!F205 | F79: =Calculos_Internos!D205 | G79: =Calculos_Internos!E205 | H79: =IF(Calculos_Internos!G205="-", "-", Calculos_Internos!G205) | I79: =IF(Calculos_Internos!H205="-", "-", Calculos_Internos!H205) | J79: =Porra_Grupos!$D$6 | K79: =Porra_Grupos!$D$7 | L79: =Porra_Grupos!$D$8 | M79: =Porra_Grupos!$D$9 | N79: =Porra_Grupos!$D$10 | O79: =Porra_Grupos!$D$11
A80: =Porra_Grupos!$K$2 | B80: =Calculos_Internos!A206 | C80: =Calculos_Internos!B206 | D80: =Calculos_Internos!C206 | E80: =Calculos_Internos!F206 | F80: =Calculos_Internos!D206 | G80: =Calculos_Internos!E206 | H80: =IF(Calculos_Internos!G206="-", "-", Calculos_Internos!G206) | I80: =IF(Calculos_Internos!H206="-", "-", Calculos_Internos!H206) | J80: =Porra_Grupos!$D$6 | K80: =Porra_Grupos!$D$7 | L80: =Porra_Grupos!$D$8 | M80: =Porra_Grupos!$D$9 | N80: =Porra_Grupos!$D$10 | O80: =Porra_Grupos!$D$11
A81: =Porra_Grupos!$K$2 | B81: =Calculos_Internos!A207 | C81: =Calculos_Internos!B207 | D81: =Calculos_Internos!C207 | E81: =Calculos_Internos!F207 | F81: =Calculos_Internos!D207 | G81: =Calculos_Internos!E207 | H81: =IF(Calculos_Internos!G207="-", "-", Calculos_Internos!G207) | I81: =IF(Calculos_Internos!H207="-", "-", Calculos_Internos!H207) | J81: =Porra_Grupos!$D$6 | K81: =Porra_Grupos!$D$7 | L81: =Porra_Grupos!$D$8 | M81: =Porra_Grupos!$D$9 | N81: =Porra_Grupos!$D$10 | O81: =Porra_Grupos!$D$11
A82: =Porra_Grupos!$K$2 | B82: =Calculos_Internos!A208 | C82: =Calculos_Internos!B208 | D82: =Calculos_Internos!C208 | E82: =Calculos_Internos!F208 | F82: =Calculos_Internos!D208 | G82: =Calculos_Internos!E208 | H82: =IF(Calculos_Internos!G208="-", "-", Calculos_Internos!G208) | I82: =IF(Calculos_Internos!H208="-", "-", Calculos_Internos!H208) | J82: =Porra_Grupos!$D$6 | K82: =Porra_Grupos!$D$7 | L82: =Porra_Grupos!$D$8 | M82: =Porra_Grupos!$D$9 | N82: =Porra_Grupos!$D$10 | O82: =Porra_Grupos!$D$11
A83: =Porra_Grupos!$K$2 | B83: =Calculos_Internos!A209 | C83: =Calculos_Internos!B209 | D83: =Calculos_Internos!C209 | E83: =Calculos_Internos!F209 | F83: =Calculos_Internos!D209 | G83: =Calculos_Internos!E209 | H83: =IF(Calculos_Internos!G209="-", "-", Calculos_Internos!G209) | I83: =IF(Calculos_Internos!H209="-", "-", Calculos_Internos!H209) | J83: =Porra_Grupos!$D$6 | K83: =Porra_Grupos!$D$7 | L83: =Porra_Grupos!$D$8 | M83: =Porra_Grupos!$D$9 | N83: =Porra_Grupos!$D$10 | O83: =Porra_Grupos!$D$11
A84: =Porra_Grupos!$K$2 | B84: =Calculos_Internos!A210 | C84: =Calculos_Internos!B210 | D84: =Calculos_Internos!C210 | E84: =Calculos_Internos!F210 | F84: =Calculos_Internos!D210 | G84: =Calculos_Internos!E210 | H84: =IF(Calculos_Internos!G210="-", "-", Calculos_Internos!G210) | I84: =IF(Calculos_Internos!H210="-", "-", Calculos_Internos!H210) | J84: =Porra_Grupos!$D$6 | K84: =Porra_Grupos!$D$7 | L84: =Porra_Grupos!$D$8 | M84: =Porra_Grupos!$D$9 | N84: =Porra_Grupos!$D$10 | O84: =Porra_Grupos!$D$11
A85: =Porra_Grupos!$K$2 | B85: =Calculos_Internos!A211 | C85: =Calculos_Internos!B211 | D85: =Calculos_Internos!C211 | E85: =Calculos_Internos!F211 | F85: =Calculos_Internos!D211 | G85: =Calculos_Internos!E211 | H85: =IF(Calculos_Internos!G211="-", "-", Calculos_Internos!G211) | I85: =IF(Calculos_Internos!H211="-", "-", Calculos_Internos!H211) | J85: =Porra_Grupos!$D$6 | K85: =Porra_Grupos!$D$7 | L85: =Porra_Grupos!$D$8 | M85: =Porra_Grupos!$D$9 | N85: =Porra_Grupos!$D$10 | O85: =Porra_Grupos!$D$11
... A105: =Porra_Grupos!$K$2 | B105: =Calculos_Internos!A231 | C105: =Calculos_Internos!B231 | D105: =Calculos_Internos!C231 | E105: =Calculos_Internos!F231 | F105: =Calculos_Internos!D231 | G105: =Calculos_Internos!E231 | H105: =IF(Calculos_Internos!G231="-", "-", Calculos_Internos!G231) | I105: =IF(Calculos_Internos!H231="-", "-", Calculos_Internos!H231) | J105: =Porra_Grupos!$D$6 | K105: =Porra_Grupos!$D$7 | L105: =Porra_Grupos!$D$8 | M105: =Porra_Grupos!$D$9 | N105: =Porra_Grupos!$D$10 | O105: =Porra_Grupos!$D$11
